id ,text,label,index,description,
1,스트립 화면 열기,/windows/teaching/strip,1,,
2,Strip 티칭 켜줘,/windows/teaching/strip,1,,
3,스트립 티칭 열어,/windows/teaching/strip,1,,
4,Strip 창 띄워,/windows/teaching/strip,1,,
5,스트립 교정 시작,/windows/teaching/strip,1,,
6,스트립 티칭 창 열어줘 ,/windows/teaching/strip,1,스트립 티칭 창 열기,
7,strip 티칭 띄워 ,/windows/teaching/strip,1,strip 창 열기,
8,Strip 티칭 창 열어 ,/windows/teaching/strip,1,Strip 티칭 창 열기,
9,Strip 교정 시작 ,/windows/teaching/strip,1,Strip 티칭 교정 시작,
10,Strip 창 켜. ,/windows/teaching/strip,1,,
11,Strip 창 보여줘. ,/windows/teaching/strip,1,,
12,티칭창 STRIP 실행,/windows/teaching/strip,1,,
13,teaching STRIP,/windows/teaching/strip,1,,
14,STRIP 유형 자재 티칭창 켜줘,/windows/teaching/strip,1,,
15,스트립 티칭 창 활성화,/windows/teaching/strip,1,,
16,strip 창,/windows/teaching/strip,1,,
17,Strip 티칭 창,/windows/teaching/strip,1,,
18,스트립 티칭 창,/windows/teaching/strip,1,,
19,QFN 화면 열어,/windows/teaching/qfn,1,,
20,QFN 창 켜줘,/windows/teaching/qfn,1,,
21,QFN 티칭 열어,/windows/teaching/qfn,1,,
22,QFN 작업창 띄워,/windows/teaching/qfn,1,,
23,QFN 티칭 열기 ,/windows/teaching/qfn,1,QFN 티칭 창 열기,
24,QFN 창 보여줘 ,/windows/teaching/qfn,1,QFN 창 열기,
25,QFN 티칭 창 열기 ,/windows/teaching/qfn,1,QFN 티칭 창 열기,
26,QFN 작업창 화면 ,/windows/teaching/qfn,1,QFN 작업창 열기,
27,QFN 창 보여줘. ,/windows/teaching/qfn,1,,
28,QFN 티칭 켜. ,/windows/teaching/qfn,1,,
29,티칭창 QFN 실행,/windows/teaching/qfn,1,,
30,teaching QFN,/windows/teaching/qfn,1,,
31,QFN 유형 자재 티칭창 켜줘,/windows/teaching/qfn,1,,
32,qfn 티칭 창 활성화,/windows/teaching/qfn,1,,
33,qfn 창,/windows/teaching/qfn,1,,
34,QFN teacing 열어,/windows/teaching/qfn,1,,
35,QFN teacing 켜,/windows/teaching/qfn,1,QFN 티칭 창 열기,
36,QC 창 열기,/windows/teaching/qc,1,,
37,QC 티칭 열어줘,/windows/teaching/qc,1,,
38,QC 교정창 띄워,/windows/teaching/qc,1,,
39,QC 창 띄워줘 ,/windows/teaching/qc,1,QC 창 열기,
40,QC 티칭 부분 열기 ,/windows/teaching/qc,1,QC 티칭 창 열기,
41,QC 창 켜. ,/windows/teaching/qc,1,,
42,QC 티칭 보여줘. ,/windows/teaching/qc,1,,
43,qc 티칭 창 활성화,/windows/teaching/qc,1,,
44,qc 창,/windows/teaching/qc,1,,
45,PRS 결과 재티칭,/windows/teaching/prs/reteach,1,,
46,PRS 창 재실행,/windows/teaching/prs/reteach,1,,
47,PRS 재작업 실행,/windows/teaching/prs/reteach,1,,
48,PRS 재티칭 화면 열기 ,/windows/teaching/prs/reteach,1,PRS 결과 기반 재티칭 화면,
49,PRS 재티칭 실행 ,/windows/teaching/prs/reteach,1,PRS 결과 기반 재티칭 실행,
50,PRS 창 다시 실행,/windows/teaching/prs/reteach,1,,
51,PRS 티칭 다시 시작해,/windows/teaching/prs/reteach,1,PRS 결과 기반 재티칭 실행,
52,PRS reteaching 해,/windows/teaching/prs/reteach,1,,
53,매핑 재티칭 시작,/windows/teaching/mapping/reteach,1,,
54,맵핑 리티칭 실행,/windows/teaching/mapping/reteach,1,,
55,매핑 샷 재활성화,/windows/teaching/mapping/reteach,1,,
56,맵핑 다시 티칭,/windows/teaching/mapping/reteach,1,,
57,맵핑 재티칭 창 열어줘 ,/windows/teaching/mapping/reteach,1,맵핑 샷 기반 재티칭 창 열기,
58,Mapping 재티칭 실행 ,/windows/teaching/mapping/reteach,1,Mapping 샷 기반 재티칭 실행,
59,매핑 reteaching 해줘,/windows/teaching/mapping/reteach,1,,
60,mapping reteach 시작,/windows/teaching/mapping/reteach,1,,
61,매핑 샷 기반 재티칭 창 열어주세요,/windows/teaching/mapping/reteach,1,현재 매핑 샷 기반 재티칭 창 열기,
62,매핑 재티칭 창 띄워줘,/windows/teaching/mapping/reteach,1,매핑 재티칭 창 열기,
63,매핑 재티칭 창 열기,/windows/teaching/mapping/reteach,1,매핑 샷 기반 재티칭 창 열기,
64,매핑 재티칭 화면 보여줘,/windows/teaching/mapping/reteach,1,매핑 재티칭 화면 표시,
65,매핑 샷 재티칭 페이지로,/windows/teaching/mapping/reteach,1,매핑 재티칭 페이지 이동,
66,맵핑 윈도우 열기,/windows/teaching/mapping,1,,
67,매핑 티칭 열어,/windows/teaching/mapping,1,,
68,매핑 작업 시작,/windows/teaching/mapping,1,,
69,맵핑 창 열어 ,/windows/teaching/mapping,1,맵핑 티칭 창 열기,
70,맵핑 창 띄워줘 ,/windows/teaching/mapping,1,맵핑 창 열기,
71,Mapping 티칭 창 열기 ,/windows/teaching/mapping,1,Mapping 티칭 창 열기,
72,맵핑 창 보여줘. ,/windows/teaching/mapping,1,,
73,맵핑 창 열어 줘. ,/windows/teaching/mapping,1,,
74,맵핑 티칭 실행! ,/windows/teaching/mapping,1,,
75,티칭창 매핑 실행,/windows/teaching/mapping,1,,
76,teaching mapping,/windows/teaching/mapping,1,,
77,매핑 유형 자재 티칭창 켜줘,/windows/teaching/mapping,1,,
78,teaching mapping 시작해줘,/windows/teaching/mapping,1,,
79,매핑 유형 자재 창 보여줘,/windows/teaching/mapping,1,,
80,MAPPING 티칭 창 열어줘,/windows/teaching/mapping,1,MAPPING 티칭 창 열기,
81,MAPPING 티칭 화면 보여주세요,/windows/teaching/mapping,1,MAPPING 티칭 창 표시,
82,매핑 티칭 페이지로 이동,/windows/teaching/mapping,1,MAPPING 티칭 메뉴 이동,
83,매핑 티칭창 실행해줘,/windows/teaching/mapping,1,MAPPING 티칭 화면 실행,
84,MAPPING 티칭 설정 열기,/windows/teaching/mapping,1,MAPPING 티칭 세팅창 열기,
85,매핑 창 띄워주세요,/windows/teaching/mapping,1,MAPPING 창 표시 요청,
86,MAPPING 티칭 메뉴 보여줘,/windows/teaching/mapping,1,MAPPING 메뉴 전체 열기,
87,매핑 티칭 페이지 호출,/windows/teaching/mapping,1,MAPPING 티칭 페이지 열기,
88,MAPPING 티칭화면 띄워줘,/windows/teaching/mapping,1,MAPPING 티칭 창 바로보기,
89,매핑 티칭창으로 이동,/windows/teaching/mapping,1,MAPPING 티칭 창 이동,
90,매핑 티칭 창을 열어 주시겠어요?,/windows/teaching/mapping,1,MAPPING 티칭 창 열기 요청,
91,MAPPING 설정 화면으로 가줘,/windows/teaching/mapping,1,MAPPING 티칭 창 이동,
92,매핑 티칭 페이지 보여주세요,/windows/teaching/mapping,1,MAPPING 티칭 페이지 표시,
93,MAPPING 창 켜줘,/windows/teaching/mapping,1,MAPPING 티칭 창 활성화,
94,매핑 티칭 메뉴 실행,/windows/teaching/mapping,1,MAPPING 티칭 메뉴 실행,
95,MAPPING 티칭으로 전환,/windows/teaching/mapping,1,MAPPING 티칭 전환,
96,매핑 설정 창 띄워 주세요,/windows/teaching/mapping,1,MAPPING 설정 창 열기,
97,MAPPING 티칭 화면 활성화,/windows/teaching/mapping,1,MAPPING 티칭 화면 켜기,
98,LGA 창 켜,/windows/teaching/lga,1,,
99,LGA 티칭 열어줘,/windows/teaching/lga,1,,
100,LGA 화면 보여,/windows/teaching/lga,1,,
101,LGA 티칭 창 열기,/windows/teaching/lga,1,,
102,LGA 티칭 켜줘 ,/windows/teaching/lga,1,LGA 티칭 창 열기,
103,LGA 티칭 탭 열기 ,/windows/teaching/lga,1,LGA 티칭 창 열기,
104,티칭 창 띄워. ,/windows/teaching/lga,1,,
105,티칭 창 열어 주세요. ,/windows/teaching/lga,1,,
106,LGA 티칭 보여줘. ,/windows/teaching/lga,1,,
107,티칭창 LGA 실행,/windows/teaching/lga,1,,
108,teaching LGA,/windows/teaching/lga,1,,
109,LGA 유형 자재 티칭창 켜줘,/windows/teaching/lga,1,,
110,LGA 티칭 창 켜줘,/windows/teaching/lga,1,,
111,LGA 티칭 창 열어줘,/windows/teaching/lga,1,,
112,BGA 티칭 시작,/windows/teaching/bga,1,,
113,BGA 티칭 창 켜,/windows/teaching/bga,1,,
114,BGA 설정창 띄워,/windows/teaching/bga,1,,
115,BGA 티칭 시작 ,/windows/teaching/bga,1,BGA 티칭 창 열기,
116,BGA 창 열어. ,/windows/teaching/bga,1,,
117,BGA 티칭 켜줘. ,/windows/teaching/bga,1,,
118,티칭창 BGA 실행,/windows/teaching/bga,1,,
119,teaching BGA,/windows/teaching/bga,1,,
120,BGA 유형 자재 티칭창 켜줘,/windows/teaching/bga,1,,
121,BGA 티칭 창 열어,/windows/teaching/bga,1,,
122,BGA 티칭 창 열기,/windows/teaching/bga,1,,
123,BGA 티칭 열기,/windows/teaching/bga,1,,
124,BGA teacing 열기,/windows/teaching/bga,1,,
125,BGA teacing open,/windows/teaching/bga,1,,
126,BGA teacing 시작,/windows/teaching/bga,1,,
127,BGA teacing 켜,/windows/teaching/bga,1,,
128,SetUp 화면 열어줘,/windows/setup,1,SetUp 화면을 엽니다,
129,셋업 창 켜,/windows/setup,1,SetUp 화면을 엽니다,
130,설정 화면 띄워,/windows/setup,1,SetUp 화면을 엽니다,
131,셋업 메뉴 보여줘,/windows/setup,1,SetUp 화면을 엽니다,
132,셋업창,/windows/setup,1,SetUp 화면을 엽니다,
133,setup 켜줘,/windows/setup,1,SetUp 화면을 엽니다,
134,set up 열어,/windows/setup,1,SetUp 화면을 엽니다,
135,설정 열어,/windows/setup,1,SetUp 화면을 엽니다,
136,설정 ,/windows/setup,1,SetUp 화면을 엽니다,
137,셋업 모드 전환,/windows/setup,1,SetUp 화면을 엽니다,
138,셋업모드,/windows/setup,1,SetUp 화면을 엽니다,
139,setup창,/windows/setup,1,SetUp 화면을 엽니다,
140,SETUP 모드 켜,/windows/setup,1,SetUp 화면을 엽니다,
141,셋업 탭 보여줘,/windows/setup,1,SetUp 화면을 엽니다,
142,설정 탭,/windows/setup,1,SetUp 화면을 엽니다,
143,셋업창으로 이동,/windows/setup,1,SetUp 화면을 엽니다,
144,setup 들어가,/windows/setup,1,SetUp 화면을 엽니다,
145,셋업 화면 띄우기,/windows/setup,1,SetUp 화면을 엽니다,
146,셋업창 열어버려,/windows/setup,1,SetUp 화면을 엽니다,
147,셋업창 켜 버려,/windows/setup,1,SetUp 화면을 엽니다,
148,시스템 옵션 열기,/windows/settings,1,,
149,시스템 설정 열어,/windows/settings,1,,
150,설정 창 열어줘 ,/windows/settings,1,전역/시스템 설정 창 열기,
151,세팅,/windows/settings,1,,
152,시스템 옵션 켜줘,/windows/settings,1,,
153,설정창 보여줘,/windows/settings,1,,
154,Run 화면 열어줘,/windows/run,1,Run 화면을 엽니다,
155,런 화면 띄워,/windows/run,1,Run 화면을 엽니다,
156,런 켜,/windows/run,1,Run 화면을 엽니다,
157,Run 창으로 이동,/windows/run,1,Run 화면을 엽니다,
158,런작동창,/windows/run,1,Run 화면을 엽니다,
159,실행 화면 띄워,/windows/run,1,Run 화면을 엽니다,
160,런화면띄워,/windows/run,1,Run 화면을 엽니다,
161,Run화면 켜,/windows/run,1,Run 화면을 엽니다,
162,런모드,/windows/run,1,Run 화면을 엽니다,
163,런탭 보여줘,/windows/run,1,Run 화면을 엽니다,
164,런옵션,/windows/run,1,Run 화면을 엽니다,
165,런 화면 전환,/windows/run,1,Run 화면을 엽니다,
166,런 화면 켜 줘,/windows/run,1,Run 화면을 엽니다,
167,런창,/windows/run,1,Run 화면을 엽니다,
168,런창 보여줘,/windows/run,1,Run 화면을 엽니다,
169,런,/windows/run,1,Run 화면을 엽니다,
170,카메라 실시간 라이브 SettingX2,/windows/light/live?camera=SettingX2,1,SettingX2 카메라 라이브  뷰 창,
171,SettingX2 뷰 보여줘 ,/windows/light/live?camera=SettingX2,1,SettingX2 카메라 라이브  뷰 창,
172,SettingX2 뷰,/windows/light/live?camera=SettingX2,1,SettingX2 카메라 라이브  뷰 창,
173,SettingX2 view,/windows/light/live?camera=SettingX2,1,SettingX2 카메라 라이브  뷰 창,
174,SettingX2 라이브 뷰 보여줘,/windows/light/live?camera=SettingX2,1,SettingX2 카메라 라이브  뷰 창,
175,SettingX1 뷰 보여 ,/windows/light/live?camera=SettingX1,1,카메라 X1 라이브 창 열기,
176,카메라 실시간 라이브 SettingX1 선택,/windows/light/live?camera=SettingX1,1,SettingX1 카메라 라이브 뷰 창,
177,SettingX1 뷰 ,/windows/light/live?camera=SettingX1,1,카메라 X1 라이브 창 열기,
178,SettingX1 view,/windows/light/live?camera=SettingX1,1,카메라 X1 라이브 창 열기,
179,SettingX1 라이브 뷰 보여줘,/windows/light/live?camera=SettingX1,1,카메라 X1 라이브 창 열기,
180,PRS 라이브 켜 ,/windows/light/live?camera=PRS,1,PRS 카메라 라이브 뷰,
181,조명 라이브 켜기 ,/windows/light/live?camera=PRS,1,PRS 카메라 라이브,
182,PRS 라이브 켜. ,/windows/light/live?camera=PRS,1,,
183,카메라 실시간 라이브 prs 선택,/windows/light/live?camera=PRS,1,PRS 카메라 라이브  뷰 창,
184,PRS 라이브 카메라,/windows/light/live?camera=PRS,1,,
185,실시간 라이브 카메라 prs로,/windows/light/live?camera=PRS,1,PRS 카메라 라이브  뷰 창,
186,Mapping 라이브 켜 ,/windows/light/live?camera=Mapping,1,매핑 카메라 라이브 뷰 창,
187,맵핑 라이브 켜줘. ,/windows/light/live?camera=Mapping,1,,
188,카메라 실시간 라이브 매핑 선택,/windows/light/live?camera=Mapping,1,매핑 카메라 라이브 뷰 창,
189,카메라 실시간 라이브 Mapping 선택,/windows/light/live?camera=Mapping,1,매핑 카메라 라이브 뷰 창,
190,Mapping 라이브 카메라,/windows/light/live?camera=Mapping,1,매핑 카메라 라이브 뷰 창,
191,실시간 라이브 카메라 Mapping으로,/windows/light/live?camera=Mapping,1,매핑 카메라 라이브 뷰 창,
192,Mapping 카메라 라이브 보여줘,/windows/light/live?camera=Mapping,1,Mapping 카메라 실시간 라이브 뷰 열기,
193,Mapping 카메라 실시간 화면 열기,/windows/light/live?camera=Mapping,1,Mapping 카메라 라이브 화면,
194,Mapping 카메라 실시간 보기,/windows/light/live?camera=Mapping,1,Mapping 카메라 라이브 뷰,
195,Mapping 카메라 라이브 화면 열어줘,/windows/light/live?camera=Mapping,1,Mapping 카메라 실시간 열기,
196,매핑 카메라 라이브 보여주세요,/windows/light/live?camera=Mapping,1,Mapping 카메라 실시간 표시,
197,바코드 실시간 보기 ,/windows/light/live?camera=Barcode,1,바코드 카메라 라이브 뷰,
198,바코드 라이브 켜. ,/windows/light/live?camera=Barcode,1,,
199,카메라 실시간 라이브 BarCode 선택,/windows/light/live?camera=BarCode,1,BarCode 카메라 라이브 뷰 창,
200,카메라 실시간 라이브 바코드 선택,/windows/light/live?camera=BarCode,1,BarCode 카메라 라이브 뷰 창,
201,BarCode 라이브 카메라,/windows/light/live?camera=BarCode,1,BarCode 카메라 라이브 뷰 창,
202,실시간 라이브 카메라 바코드로,/windows/light/live?camera=BarCode,1,BarCode 카메라 라이브 뷰 창,
203,lighting 화면 열기,/windows/light,1,,
204,빛 세팅 열어,/windows/light,1,,
205,조명 설정창 켜,/windows/light,1,,
206,라이트 세팅 열기,/windows/light,1,,
207,불 켜 줘 ,/windows/light,1,조명 창 열기,
208,조명 세팅 열기 ,/windows/light,1,조명 설정 창 열기,
209,조명 창 열어줘 ,/windows/light,1,조명 창 열기,
210,조명 켜. ,/windows/light,1,,
211,불 좀 켜줘. ,/windows/light,1,,
212,불 밝게 해줘. ,/windows/light,1,,
213,조명 켜 주세요. ,/windows/light,1,,
214,조명 좀 밝혀. ,/windows/light,1,,
215,불을 최대 밝기로 해! ,/windows/light,1,,
216,불 켜주실 수 있나요? ,/windows/light,1,,
217,조명 최대 밝기. ,/windows/light,1,,
218,라이트 ON ,/windows/light,1,,
219,조명 꺼. ,/windows/light,1,,
220,조명 꺼 주세요. ,/windows/light,1,,
221,불 끄기. ,/windows/light,1,,
222,불 꺼줘. ,/windows/light,1,,
223,불 안 보여. ,/windows/light,1,,
224,불 좀 꺼 ,/windows/light,1,,
225,라이트 창,/windows/light,1,,
226,조명 컨트롤러 값 설정창,/windows/light,1,light 창,
227,라이트 창 열어줘,/windows/light,1,,
228,2025년 10월 12일 기록 보여 ,/windows/history?date=2025-10-12,1,지정 날짜 검사 기록 창 열기,
229,히스토리 2025-09-18로 보여 ,/windows/history?date=2025-09-18,1,지정일자 히스토리 창 열기,
230,오늘 검사 이력 보여줘 ,/windows/history?date={today},1,오늘 날짜 검사 기록 보기,
231,오늘 검사 기록만 보여줘,/windows/history?date={today},1,오늘 날짜 기준 검사 기록 조회,
232,히스토리 보여줘,/windows/history,1,,
233,검사 로그 열어줘,/windows/history,1,,
234,기록 창 열어,/windows/history,1,,
235,검사 이력 볼래,/windows/history,1,,
236,검사 기록 확인,/windows/history,1,,
237,검사 이력 봐볼래,/windows/history,1,,
238,히스토리 창 열어줘 ,/windows/history,1,검사 이력/기록 창 열기,
239,이력 확인 창 열어 ,/windows/history,1,검사 기록 창 열기,
240,히스토리 보여줘 ,/windows/history,1,검사 이력 창 열기,
241,기록 확인할래 ,/windows/history,1,전체 검사 기록 창 열기,
242,최근 검사 기록 열어줘 ,/windows/history,1,전체 검사 이력 비교,
243,최근 기록 ,/windows/history,1,최근 전체 이력 빠른 조회,
244,로그 확인 ,/windows/history,1,로그 데이터 확인,
245,이력창 보여줘. ,/windows/history,1,,
246,이력 창 열어. ,/windows/history,1,,
247,히스토리 창 열어 줘. ,/windows/history,1,,
248,히스토리 보여줘. ,/windows/history,1,,
249,SPC history 창,/windows/history,1,,
250,기록 창,/windows/history,1,,
251,히스토리 창,/windows/history,1,,
252,히스토리 창 열어줘,/windows/history,1,검사/프로그램 사용 기록 창 열기,
253,검사 기록 창 보여줘,/windows/history,1,검사 기록 창 열기,
254,검사용 이력 확인,/windows/history,1,검사 결과 기록 조회,
255,기록 조회,/windows/history,1,지정한 날짜의 검사 기록 조회,
256,최근 프로그램 사용 내역 조회,/windows/history,1,프로그램 사용 기록 내역 조회,
257,검사 기록만 필터링해줘,/windows/history,1,조건 지정 없이 전체 기록 조회,
258,기록,/windows/history,1,검사 기록 창 열기,
259,검사 기록 ,/windows/history,1,검사 기록 창 열기,
260,히스토리,/windows/history,1,검사 기록 창 열기,
261,캘리브레이션 창 보여줘 ,/windows/calibration,1,캘리브레이션(보정) 창 열기,
262,캘리 창 열기 ,/windows/calibration,1,보정 창 열기,
263,캘리브레이션 창 열어 ,/windows/calibration,1,보정(캘리브레이션) 창 열기,
264,보정 화면 켜줘 ,/windows/calibration,1,보정 창 열기,
265,캘리브레이션 창 열어줘. ,/windows/calibration,1,,
266,보정 창 열어. ,/windows/calibration,1,,
267,보정 창 켜줘. ,/windows/calibration,1,,
268,보정 상태 보여줘. ,/windows/calibration,1,,
269,셋업 캘리 창,/windows/calibration,1,,
270,캘리,/windows/calibration,1,,
271,캘리브레이션,/windows/calibration,1,,
272,캘리브레이션 작업 시작,/windows/calibration,1,,
273,캘리브레이션 시작,/windows/calibration,1,,
274,calibration 창 보여줘,/windows/calibration,1,,
275,cali,/windows/calibration,1,,
276,calibration,/windows/calibration,1,,
277,PRS 기반 테스트,/test/run/prs,7,,
278,PRS 레시피 확인,/test/run/prs,7,,
279,PRS 실행,/test/run/prs,7,,
280,PRS 검사 실행 ,/test/run/prs,7,PRS 검사 실행,
281,PRS 티칭 정보 점검 ,/test/run/prs,7,현재 티칭 정보 검증,
282,PRS 검사 테스트 시작해 ,/test/run/prs,7,검사 테스트 시작,
283,현재 티칭 정보 점검 ,/test/run/prs,7,현재 티칭 정보 검증,
284,검사 테스트 시작해 ,/test/run/prs,7,검사 테스트 시작,
285,매핑 테스트 돌려,/test/run/map,7,,
286,맵핑 테스트 실행,/test/run/map,7,,
287,맵 테스트 실행,/test/run/map,7,,
288,맵핑 레시피 검증,/test/run/map,7,,
289,맵핑 테스트 돌려 ,/test/run/map,7,매핑 테스트 실행,
290,매핑 레시피 점검 ,/test/run/map,7,매핑 레시피 검증,
291,맵 레시피 실행 ,/test/run/map,7,맵핑 레시피 실행,
292,QFN 티칭 창 Surface 탭 ROI 초기화,/teaching/qfn/update?propertyName=SurfaceRoi&value=reset,5,,
293,QFN 티칭 창 Surface 탭 ROI 삭제,/teaching/qfn/update?propertyName=SurfaceRoi&value=delete,5,,
294,QFN 티칭 창 Surface 탭 ROI 추가,/teaching/qfn/update?propertyName=SurfaceRoi&value=add,5,,
295,QFN Surface 로이 추가,/teaching/qfn/update?propertyName=SurfaceRoi&value=add,5,,
296,QFN Surface 로이 초기화,/teaching/qfn/update?propertyName=SurfaceRoi&value=add,5,,
297,QFN Surface 로이 생성,/teaching/qfn/update?propertyName=SurfaceRoi&value=add,5,,
298,QFN 티칭 Surface ROI 생성,/teaching/qfn/update?propertyName=SurfaceRoi&value=add,5,,
299,QFN Surface 로이 삭제,/teaching/qfn/update?propertyName=SurfaceRoi&value=,5,,
300,QFN Surface 탭으로 이동,/teaching/qfn/update?propertyName=moveTab&value=Surface,5,,
301,QFN Surface tab,/teaching/qfn/update?propertyName=moveTab&value=Surface,5,,
302,QFN 서페이스 탭으로 이동,/teaching/qfn/update?propertyName=moveTab&value=Surface,5,,
303,QFN Sawing 탭으로 이동,/teaching/qfn/update?propertyName=moveTab&value=Sawing,5,,
304,QFN Sawing tab,/teaching/qfn/update?propertyName=moveTab&value=Sawing,5,,
305,QFN 소잉 탭으로 이동,/teaching/qfn/update?propertyName=moveTab&value=Sawing,5,,
306,QFN Result 탭으로 이동,/teaching/qfn/update?propertyName=moveTab&value=Result,5,,
307,QFN Result tab,/teaching/qfn/update?propertyName=moveTab&value=Result,5,,
308,QFN 리저트 탭,/teaching/qfn/update?propertyName=moveTab&value=Result,5,,
309,QFN RejectMark 탭으로 이동,/teaching/qfn/update?propertyName=moveTab&value=RejectMark,5,,
310,QFN RejectMark tab,/teaching/qfn/update?propertyName=moveTab&value=RejectMark,5,,
311,QFN padLeads 탭으로 이동,/teaching/qfn/update?propertyName=moveTab&value=padLeads,5,,
312,QFN padLeads tab,/teaching/qfn/update?propertyName=moveTab&value=padLeads,5,,
313,QFN Package 탭으로 이동,/teaching/qfn/update?propertyName=moveTab&value=Package,5,,
314,QFN Package tab,/teaching/qfn/update?propertyName=moveTab&value=Package,5,,
315,QFN 패키지 탭,/teaching/qfn/update?propertyName=moveTab&value=Package,5,,
316,QFN DontCare 탭으로 이동,/teaching/qfn/update?propertyName=moveTab&value=DontCare,5,,
317,QFN DontCare tab,/teaching/qfn/update?propertyName=moveTab&value=DontCare,5,,
318,QFN 티칭 창 Lead 탭 ROI 초기화,/teaching/qfn/update?propertyName=LeadRois&value=reset,5,,
319,QFN 티칭 창 Lead 탭 ROI 삭제,/teaching/qfn/update?propertyName=LeadRois&value=delete,5,,
320,QFN 티칭 창 Lead 탭 ROI 추가,/teaching/qfn/update?propertyName=LeadRois&value=add,5,,
321,QFN Lead 로이 추가,/teaching/qfn/update?propertyName=LeadRois&value=add,5,,
322,QFN Lead 로이 생성,/teaching/qfn/update?propertyName=LeadRois&value=add,5,,
323,QFN 티칭 Lead ROI 생성,/teaching/qfn/update?propertyName=LeadRois&value=add,5,,
324,QFN Lead 로이 삭제,/teaching/qfn/update?propertyName=LeadRois&value=,5,,
325,QFN Lead 로이 초기화,/teaching/qfn/update?propertyName=LeadRois&value=,5,,
326,QFN Surface 티칭 테스트,/teaching/qfn/update?propertyName=inspectSurfaceTeaching&value=1,5,,
327,QFN 표면 결함 검출 테스트,/teaching/qfn/update?propertyName=inspectSurfaceTeaching&value=1,5,,
328,QFN 표면 결함 검출해줘,/teaching/qfn/update?propertyName=inspectSurfaceTeaching&value=1,5,,
329,QFN 티칭 창에서 표면 결함 검출해줘,/teaching/qfn/update?propertyName=inspectSurfaceTeaching&value=1,5,,
330,QFN surface 표면 결함 검출해줘,/teaching/qfn/update?propertyName=inspectSurfaceTeaching&value=1,5,,
331,QFN Sawing 티칭 테스트,/teaching/qfn/update?propertyName=inspectSawingTeaching&value=1,5,,
332,QFN Sawing 자재 치수 측정,/teaching/qfn/update?propertyName=inspectSawingTeaching&value=1,5,,
333,QFN 자재 치수 측정해줘,/teaching/qfn/update?propertyName=inspectSawingTeaching&value=1,5,,
334,QFN 티칭 창에서 자재 치수 측정해줘,/teaching/qfn/update?propertyName=inspectSawingTeaching&value=1,5,,
335,QFN Sawing Chipping과 Burr 검출,/teaching/qfn/update?propertyName=inspectSawingTeaching&value=1,5,,
336,"QFN 티칭 창에서 Chipping , Burr 검출해줘",/teaching/qfn/update?propertyName=inspectSawingTeaching&value=1,5,,
337,QFN Reject Mark 티칭 테스트,/teaching/qfn/update?propertyName=inspectRejectMarkTeaching&value=1,5,,
338,QFN Reject Mark 검출,/teaching/qfn/update?propertyName=inspectRejectMarkTeaching&value=1,5,,
339,QFN 티칭 창에서 Reject Mark 검출해,/teaching/qfn/update?propertyName=inspectRejectMarkTeaching&value=1,5,,
340,QFN Pad Leads 티칭 테스트,/teaching/qfn/update?propertyName=inspectPadAndLeadsTeaching&value=1,5,,
341,QFN Find Pad and Leads,/teaching/qfn/update?propertyName=inspectPadAndLeadsTeaching&value=1,5,,
342,"QFN Pad , Lead 검출",/teaching/qfn/update?propertyName=inspectPadAndLeadsTeaching&value=1,5,,
343,QFN Pad랑 Lead 검출해줘,/teaching/qfn/update?propertyName=inspectPadAndLeadsTeaching&value=1,5,,
344,QFN Package 티칭 테스트,/teaching/qfn/update?propertyName=inspectPackageTeaching&value=1,5,,
345,QFN Find Package,/teaching/qfn/update?propertyName=inspectPackageTeaching&value=1,5,,
346,QFN 자재 외곽 검출해,/teaching/qfn/update?propertyName=inspectPackageTeaching&value=1,5,,
347,QFN 티칭창 패키지에서 자재 외곽 검출,/teaching/qfn/update?propertyName=inspectPackageTeaching&value=1,5,,
348,qfn 티칭 창에서 ROI 자동 생성,/teaching/qfn/update?propertyName=findPackageRoiAutoCommand&value=1,5,,
349,qfn 티칭 창 auto ROI,/teaching/qfn/update?propertyName=findPackageRoiAutoCommand&value=1,5,,
350,qfn teaching auto ROI,/teaching/qfn/update?propertyName=findPackageRoiAutoCommand&value=1,5,,
351,qfn 티칭 창에서 로이 자동 생성,/teaching/qfn/update?propertyName=findPackageRoiAutoCommand&value=1,5,,
352,qfn 티칭 창에서 임계값 자동 설정,/teaching/qfn/update?propertyName=findAutoThresholdCommand&value=1,5,,
353,qfn 티칭 창에서 Threshold 자동 설정,/teaching/qfn/update?propertyName=findAutoThresholdCommand&value=1,5,,
354,qfn teaching Threshold 자동 설정,/teaching/qfn/update?propertyName=findAutoThresholdCommand&value=1,5,,
355,qfn teaching 창 자동 보정 값 설정,/teaching/qfn/update?propertyName=findAutoThresholdCommand&value=1,5,,
356,qfn teaching 창 보정 값 자동 설정,/teaching/qfn/update?propertyName=findAutoThresholdCommand&value=1,5,,
357,qfn 티칭 창 보정 값 자동 설정,/teaching/qfn/update?propertyName=findAutoThresholdCommand&value=1,5,,
358,QFN 티칭 창 DontCare 탭 ROI 초기화 ,/teaching/qfn/update?propertyName=DontCareRoi&value=reset,5,,
359,QFN 티칭 창 DontCare 탭 ROI 삭제,/teaching/qfn/update?propertyName=DontCareRoi&value=delete,5,,
360,QFN 티칭 창 DontCare 탭 ROI 추가,/teaching/qfn/update?propertyName=DontCareRoi&value=add,5,,
361,QFN DontCare 로이 생성,/teaching/qfn/update?propertyName=DontCareRoi&value=add,5,,
362,QFN 티칭 DontCare ROI 생성,/teaching/qfn/update?propertyName=DontCareRoi&value=add,5,,
363,QFN DontCare 로이 추가,/teaching/qfn/update?propertyName=DontCareRoi&value=,5,,
364,QFN DontCare 로이 삭제,/teaching/qfn/update?propertyName=DontCareRoi&value=,5,,
365,QFN DontCare 로이 초기화 ,/teaching/qfn/update?propertyName=DontCareRoi&value=,5,,
366,Surface 임계값을 8-24로 해 주세요,/teaching/lga/update?propertyName=Surface_Threshold&value=8-24,5,Surface 임계값 조절,
367,Surface 임계값 5-27로 바꿔,/teaching/lga/update?propertyName=Surface_Threshold&value=5-27,5,Surface 임계값 5-27 설정,
368,Surface 임계값 조정 32-105,/teaching/lga/update?propertyName=Surface_Threshold&value=32-105,5,Surface 임계값 32~105 적용,
369,Surface 임계값 3-51,/teaching/lga/update?propertyName=Surface_Threshold&value=3-51,5,Surface 임계값 3~51,
370,Surface 임계값을 17-80으로,/teaching/lga/update?propertyName=Surface_Threshold&value=17-80,5,,
371,Surface 임계값을 17-42로,/teaching/lga/update?propertyName=Surface_Threshold&value=17-42,5,Surface 임계값 17~42,
372,Surface 임계값을 12-30으로 맞춤,/teaching/lga/update?propertyName=Surface_Threshold&value=12-30,5,Surface 임계값 조정,
373,Surface 임계값 세팅 12-28,/teaching/lga/update?propertyName=Surface_Threshold&value=12-28,5,Surface 임계값 12~28 세팅,
374,Surface 임계값 10-33,/teaching/lga/update?propertyName=Surface_Threshold&value=10-33,5,,
375,Surface 임계치를 10부터 29로 설정해주세요,/teaching/lga/update?propertyName=Surface_Threshold&value=10-29,5,Surface 임계값 10-29 지정,
376,Surface ROI 초기화,/teaching/lga/update?propertyName=Surface_Button&value=reset,5,Surface ROI 초기화,
377,Surface 영역 리셋,/teaching/lga/update?propertyName=Surface_Button&value=reset,5,,
378,Surface ROI 싹 초기화,/teaching/lga/update?propertyName=Surface_Button&value=reset,5,Surface ROI 전체 초기화,
379,Surface 영역 초기화 부탁드립니다,/teaching/lga/update?propertyName=Surface_Button&value=reset,5,Surface ROI 초기화 요청,
380,Surface ROI 전체 초기화 부탁해요,/teaching/lga/update?propertyName=Surface_Button&value=reset,5,Surface 영역 ROI 초기화,
381,Surface ROI 전면 리셋 부탁해요,/teaching/lga/update?propertyName=Surface_Button&value=reset,5,Surface ROI 초기화 명령,
382,Surface ROI 삭제,/teaching/lga/update?propertyName=Surface_Button&value=delete,5,Surface ROI 삭제,
383,Surface ROI 싹다 삭제해,/teaching/lga/update?propertyName=Surface_Button&value=delete,5,,
384,Surface ROI 제거 요청,/teaching/lga/update?propertyName=Surface_Button&value=delete,5,,
385,Surface 영역 례이 삭제,/teaching/lga/update?propertyName=Surface_Button&value=delete,5,Surface ROI 전체 삭제,
386,Surface ROI 삭제해봐,/teaching/lga/update?propertyName=Surface_Button&value=delete,5,Surface ROI 신속 삭제,
387,Surface 영역을 삭제하려고 해요,/teaching/lga/update?propertyName=Surface_Button&value=delete,5,Surface ROI 삭제 명령,
388,Surface ROI 추가,/teaching/lga/update?propertyName=Surface_Button&value=add,5,Surface ROI 추가,
389,Surface 부분 추가,/teaching/lga/update?propertyName=Surface_Button&value=add,5,Surface ROI 추가,
390,Surface ROI를 생성해주세요,/teaching/lga/update?propertyName=Surface_Button&value=add,5,,
391,Surface ROI 새로 추가,/teaching/lga/update?propertyName=Surface_Button&value=add,5,,
392,Surface ROI 추가 요청,/teaching/lga/update?propertyName=Surface_Button&value=add,5,Surface ROI 새로 생성,
393,Surface 영역 등록 부탁합니다,/teaching/lga/update?propertyName=Surface_Button&value=add,5,Surface ROI 추가 요청,
394,Surface 영역에 새 ROI 추가 바랍니다,/teaching/lga/update?propertyName=Surface_Button&value=add,5,Surface 영역 ROI 추가,
395,Surface 영역 새롭게 추가해 주세요,/teaching/lga/update?propertyName=Surface_Button&value=add,5,Surface ROI 추가 요청,
396,Sawing 임계값 9-15,/teaching/lga/update?propertyName=Sawing_Threshold&value=9-15,5,Sawing 임계값 9~15 입력,
397,Sawing 임계값 80-120,/teaching/lga/update?propertyName=Sawing_Threshold&value=80-120,5,Sawing 임계값 80~120,
398,Sawing 임계값 70-110으로 변경,/teaching/lga/update?propertyName=Sawing_Threshold&value=70-110,5,Sawing 임계값 변경,
399,Sawing 임계값 7-18로 바꿨어요,/teaching/lga/update?propertyName=Sawing_Threshold&value=7-18,5,Sawing 임계값 변경,
400,Sawing 임계값 7-17로 변경 요청합니다,/teaching/lga/update?propertyName=Sawing_Threshold&value=7-17,5,Sawing 임계값 7-17 변경,
401,Sawing 임계값을 60-111로,/teaching/lga/update?propertyName=Sawing_Threshold&value=60-111,5,,
402,Sawing 임계값 6-12로 수정해 주세요,/teaching/lga/update?propertyName=Sawing_Threshold&value=6-12,5,Sawing 임계값 변경,
403,Sawing 임계값을 55에서 75로 설정해 주십시오,/teaching/lga/update?propertyName=Sawing_Threshold&value=55-75,5,Sawing 임계값 55-75 설정,
404,Sawing 임계값 51-97로 입력,/teaching/lga/update?propertyName=Sawing_Threshold&value=51-97,5,Sawing 임계값 51~97로 지정,
405,Sawing 임계값을 5-8로,/teaching/lga/update?propertyName=Sawing_Threshold&value=5-8,5,Sawing 임계값 5-8 적용,
406,Sawing 임계값을 45-80으로 적용,/teaching/lga/update?propertyName=Sawing_Threshold&value=45-80,5,Sawing 임계값 45-80 변화,
407,Sawing 임계값변경 4-22,/teaching/lga/update?propertyName=Sawing_Threshold&value=4-22,5,Sawing 임계값 4~22,
408,Sawing 임계값을 30부터 85까지로 변경해주세요,/teaching/lga/update?propertyName=Sawing_Threshold&value=30-85,5,Sawing 임계값 세팅,
409,Sawing 임계값 3-15,/teaching/lga/update?propertyName=Sawing_Threshold&value=3-15,5,,
410,RejectMark 임계값 99-205,/teaching/lga/update?propertyName=RejectMark_Threshold&value=99-205,5,RejectMark 임계값 99-205,
411,RejectMark 임계값 90-200 추천,/teaching/lga/update?propertyName=RejectMark_Threshold&value=90-200,5,RejectMark 임계값 추천,
412,RejectMark 임계값 85에서 190으로 조절해 주세요,/teaching/lga/update?propertyName=RejectMark_Threshold&value=85-190,5,RejectMark 임계값 85-190 조절,
413,RejectMark 임계값을 80-190으로 맞춰주세요,/teaching/lga/update?propertyName=RejectMark_Threshold&value=80-190,5,RejectMark 임계값 맞춤,
414,RejectMark 임계값 62-108,/teaching/lga/update?propertyName=RejectMark_Threshold&value=62-108,5,RejectMark 임계값 62~108 입력,
415,RejectMark 임계값 58-112,/teaching/lga/update?propertyName=RejectMark_Threshold&value=58-112,5,RejectMark 임계값 58~112로 변경,
416,RejectMark 임계값 40-100으로,/teaching/lga/update?propertyName=RejectMark_Threshold&value=40-100,5,RejectMark 임계값 변경,
417,RejectMark 임계값 33-101,/teaching/lga/update?propertyName=RejectMark_Threshold&value=33-101,5,RejectMark 임계값 33~101,
418,RejectMark 임계값을 30에서 106으로 조정 부탁드립니다,/teaching/lga/update?propertyName=RejectMark_Threshold&value=30-106,5,RejectMark 임계값 30-106 조정,
419,RejectMark 임계값 25-90으로 맞춰 주세요,/teaching/lga/update?propertyName=RejectMark_Threshold&value=25-90,5,RejectMark 임계값 수정,
420,RejectMark 임계값 25-77,/teaching/lga/update?propertyName=RejectMark_Threshold&value=25-77,5,,
421,RejectMark 임계값 15-89,/teaching/lga/update?propertyName=RejectMark_Threshold&value=15-89,5,,
422,RejectMark 임계값 120-200,/teaching/lga/update?propertyName=RejectMark_Threshold&value=120-200,5,RejectMark 임계값 120~200,
423,Pads 임계값 5에서 25로 변경해 주세요,/teaching/lga/update?propertyName=Pads_Threshold&value=5-25,5,Pads 임계값 변경,
424,Pads 임계값 40-60,/teaching/lga/update?propertyName=Pads_Threshold&value=40-60,5,,
425,Pads 임계값 35-70으로 업데이트,/teaching/lga/update?propertyName=Pads_Threshold&value=35-70,5,Pads 임계값 업데이트,
426,Pads 임계값 33-77로,/teaching/lga/update?propertyName=Pads_Threshold&value=33-77,5,Pads 임계값 33-77 지정,
427,Pads 임계값 25-60으로 조정,/teaching/lga/update?propertyName=Pads_Threshold&value=25-60,5,Pads 임계값 25-60 변경,
428,Pads 임계값 25에서 60 사이로 맞춰 주세요,/teaching/lga/update?propertyName=Pads_Threshold&value=25-60,5,Pads 임계값 25-60 맞춤,
429,Pads 임계값 바꿔 23-80,/teaching/lga/update?propertyName=Pads_Threshold&value=23-80,5,Pads 임계값 23~80로 변경,
430,Pads 임계값 재설정 22-38,/teaching/lga/update?propertyName=Pads_Threshold&value=22-38,5,Pads 임계값 22~38 변경,
431,Pads 탭 임계값 21-31,/teaching/lga/update?propertyName=Pads_Threshold&value=21-31,5,,
432,Pads 임계값을 20-60으로,/teaching/lga/update?propertyName=Pads_Threshold&value=20-60,5,Pads 임계값 20-60 설정,
433,Pads 임계값 20-55로 조절 바랍니다,/teaching/lga/update?propertyName=Pads_Threshold&value=20-55,5,Pads 임계값 재조정,
434,LGA 임계값 2-33 설정 ,/teaching/lga/update?propertyName=Pads_Threshold&value=2-33,5,LGA Pads 임계값 변경,
435,Pads 임계값 16-30,/teaching/lga/update?propertyName=Pads_Threshold&value=16-30,5,,
436,Pads 임계값 15-55,/teaching/lga/update?propertyName=Pads_Threshold&value=15-55,5,Pads 임계값 15~55로 설정,
437,Pads 임계값을 13-48로,/teaching/lga/update?propertyName=Pads_Threshold&value=13-48,5,Pads 임계값 13~48 설정,
438,Pads 임계값 12에서 48로 바꿔야 해요,/teaching/lga/update?propertyName=Pads_Threshold&value=12-48,5,Pads 임계값 12-48 설정,
439,Pads 임계값 10-50으로 지정,/teaching/lga/update?propertyName=Pads_Threshold&value=10-50,5,Pads 임계값 10-50 설정,
440,Pads 임계값 10-40으로 설정,/teaching/lga/update?propertyName=Pads_Threshold&value=10-40,5,Pads 임계값 설정 10-40,
441,Pads ROI 초기화,/teaching/lga/update?propertyName=Pads_Button&value=reset,5,Pads ROI 초기화,
442,패드 ROI 재설정,/teaching/lga/update?propertyName=Pads_Button&value=reset,5,,
443,Pads ROI 값 초기화 진행,/teaching/lga/update?propertyName=Pads_Button&value=reset,5,Pads ROI 값 모두 초기화,
444,Pads ROI 전체 해제,/teaching/lga/update?propertyName=Pads_Button&value=reset,5,Pads ROI 전체값 해제,
445,Pads ROI 리스트 갱신,/teaching/lga/update?propertyName=Pads_Button&value=reset,5,Pads ROI 리스트 새로고침,
446,Pads 롤을 초기화 하고 싶어요,/teaching/lga/update?propertyName=Pads_Button&value=reset,5,Pads ROI 초기화 실행,
447,Pads ROI 모두 지워주세요,/teaching/lga/update?propertyName=Pads_Button&value=reset,5,Pads 영역 ROI 초기화,
448,Pads 영역 모두 지워 주세요,/teaching/lga/update?propertyName=Pads_Button&value=reset,5,Pads 탭의 모든 ROI 초기화,
449,Pads ROI 삭제,/teaching/lga/update?propertyName=Pads_Button&value=delete,5,Pads ROI 삭제,
450,Pads ROI 삭제해주시기 바랍니다,/teaching/lga/update?propertyName=Pads_Button&value=delete,5,,
451,Pads 영역을 제거해 주세요,/teaching/lga/update?propertyName=Pads_Button&value=delete,5,Pads 영역 ROI 삭제,
452,LGA 티칭 부분 설정 ,/teaching/lga/update?propertyName=Pads_Button&value=add,5,LGA Pads ROI 추가,
453,Pads ROI 추가,/teaching/lga/update?propertyName=Pads_Button&value=add,5,Pads ROI 추가,
454,Pads 로이 생성해,/teaching/lga/update?propertyName=Pads_Button&value=add,5,Pads ROI 추가,
455,Pads ROI 전부 등록,/teaching/lga/update?propertyName=Pads_Button&value=add,5,,
456,Pads ROI를 증가시켜줘,/teaching/lga/update?propertyName=Pads_Button&value=add,5,,
457,Pads ROI 전체 신규 생성,/teaching/lga/update?propertyName=Pads_Button&value=add,5,Pads 탭 례이 새로 추가됨,
458,Pads ROI 카운트 변경,/teaching/lga/update?propertyName=Pads_Button&value=add,5,Pads 탭 례이 개수 증가,
459,Pads 례이 새로 추가되었습니다,/teaching/lga/update?propertyName=Pads_Button&value=add,5,Pads 탭에서 ROI가 추가됨,
460,Pads 영역 ROI 추가해주시겠어요?,/teaching/lga/update?propertyName=Pads_Button&value=add,5,Pads 탭 ROI 새로 추가,
461,Pads 영역 새로 추가해 주세요,/teaching/lga/update?propertyName=Pads_Button&value=add,5,Pads 탭에 새로운 ROI 추가,
462,Package 임계값 9-19,/teaching/lga/update?propertyName=Package_Threshold&value=9-19,5,Package 임계값 9~19 지정,
463,Package 임계값을 5-20으로,/teaching/lga/update?propertyName=Package_Threshold&value=5-20,5,Package 임계값 5~20 세팅,
464,Package 임계값 5부터 16까지 바꿔 주세요,/teaching/lga/update?propertyName=Package_Threshold&value=5-16,5,Package 임계값 5-16 설정,
465,Package 임계값 2-17,/teaching/lga/update?propertyName=Package_Threshold&value=2-17,5,,
466,Package 임계값 1-15로 세팅,/teaching/lga/update?propertyName=Package_Threshold&value=1-15,5,Package 임계값 설정,
467,Package 임계값을 1-14로 조정해 주세요,/teaching/lga/update?propertyName=Package_Threshold&value=1-14,5,Package 임계값 변경,
468,Package 임계값 1-10,/teaching/lga/update?propertyName=Package_Threshold&value=1-10,5,Package 임계값 1-10 설정,
469,Leads 임계값 8-26 범위로 지정해 주세요,/teaching/lga/update?propertyName=Leads_Threshold&value=8-26,5,Leads 임계값 8-26 지정,
470,Leads 임계값측정 7-41,/teaching/lga/update?propertyName=Leads_Threshold&value=7-41,5,Leads 임계값 7~41 적용,
471,Leads 임계값 범위 6-33 적용,/teaching/lga/update?propertyName=Leads_Threshold&value=6-33,5,Leads 임계값 6~33 적용,
472,Leads 임계값 5-37,/teaching/lga/update?propertyName=Leads_Threshold&value=5-37,5,,
473,Leads 임계값을 5-27로 바꿔주세요,/teaching/lga/update?propertyName=Leads_Threshold&value=5-27,5,Leads 임계값 조정,
474,Leads 임계값 4부터 30으로 조정 부탁드립니다,/teaching/lga/update?propertyName=Leads_Threshold&value=4-30,5,Leads 임계값 4-30 변경,
475,Leads 임계값 4-29,/teaching/lga/update?propertyName=Leads_Threshold&value=4-29,5,,
476,Leads 임계값 3-20으로 적용,/teaching/lga/update?propertyName=Leads_Threshold&value=3-20,5,Leads 임계값 3-20 설정,
477,Leads 임계값 2-23,/teaching/lga/update?propertyName=Leads_Threshold&value=2-23,5,Leads 임계값 2-23,
478,Leads 임계값 15-47,/teaching/lga/update?propertyName=Leads_Threshold&value=15-47,5,Leads 임계값 15-47,
479,Leads 임계치 14-36,/teaching/lga/update?propertyName=Leads_Threshold&value=14-36,5,Leads 임계값 14~36,
480,Leads 임계값 11-29로,/teaching/lga/update?propertyName=Leads_Threshold&value=11-29,5,Leads 임계값 11~29 지정,
481,Leads 임계값 10-35으로 조정,/teaching/lga/update?propertyName=Leads_Threshold&value=10-35,5,Leads 임계값 조정,
482,Leads 임계값 범위 10-35로 바꿔 주세요,/teaching/lga/update?propertyName=Leads_Threshold&value=10-35,5,Leads 임계값 수정,
483,Leads ROI 초기화,/teaching/lga/update?propertyName=Leads_Button&value=reset,5,Leads ROI 초기화,
484,Leads ROI 전부 reset,/teaching/lga/update?propertyName=Leads_Button&value=reset,5,,
485,Leads ROI 모두 다 비워줘,/teaching/lga/update?propertyName=Leads_Button&value=reset,5,,
486,Leads ROI 일괄 리셋,/teaching/lga/update?propertyName=Leads_Button&value=reset,5,모든 Leads ROI 초기화,
487,Leads 영역 초기화 했습니다,/teaching/lga/update?propertyName=Leads_Button&value=reset,5,Leads ROI 초기화,
488,Leads ROI 삭제,/teaching/lga/update?propertyName=Leads_Button&value=delete,5,Leads ROI 삭제,
489,Leads 영역 모두 삭제,/teaching/lga/update?propertyName=Leads_Button&value=delete,5,Leads ROI 삭제,
490,Leads ROI를 제거하세요,/teaching/lga/update?propertyName=Leads_Button&value=delete,5,,
491,Leads ROI 전체 제거,/teaching/lga/update?propertyName=Leads_Button&value=delete,5,Leads 영역 례이 전체 삭제,
492,Leads ROI 항목 지우기,/teaching/lga/update?propertyName=Leads_Button&value=delete,5,Leads ROI 항목 일괄 삭제,
493,Leads 영역 전체 삭제할게요,/teaching/lga/update?propertyName=Leads_Button&value=delete,5,Leads ROI 삭제 명령,
494,Leads 영역 ROI 삭제 부탁드립니다,/teaching/lga/update?propertyName=Leads_Button&value=delete,5,Leads 영역 ROI 삭제,
495,Leads ROI를 삭제해 주시겠어요?,/teaching/lga/update?propertyName=Leads_Button&value=delete,5,Leads 탭 ROI 삭제명령,
496,Leads ROI 추가,/teaching/lga/update?propertyName=Leads_Button&value=add,5,Leads ROI 추가,
497,Leads ROI 전체 생성을 해줘,/teaching/lga/update?propertyName=Leads_Button&value=add,5,,
498,Leads ROI 다 생성,/teaching/lga/update?propertyName=Leads_Button&value=add,5,,
499,Leads ROI 신규 만들기,/teaching/lga/update?propertyName=Leads_Button&value=add,5,Leads 탭에 새 ROI 등록,
500,Leads ROI 전부 추가,/teaching/lga/update?propertyName=Leads_Button&value=add,5,Leads ROI 전체 추가,
501,Leads 영역 추가해 주시겠어요?,/teaching/lga/update?propertyName=Leads_Button&value=add,5,Leads ROI 추가 요청,
502,Leads ROI 다시 생성해 주세요,/teaching/lga/update?propertyName=Leads_Button&value=add,5,Leads 영역 ROI 새로 생성,
503,Leads 영역 신규 생성 바랍니다,/teaching/lga/update?propertyName=Leads_Button&value=add,5,신규 Leads ROI 추가,
504,DontCare ROI 초기화,/teaching/lga/update?propertyName=DontCare_Button&value=reset,5,DontCare ROI 초기화,
505,DontCare 전체 초기화,/teaching/lga/update?propertyName=DontCare_Button&value=reset,5,DontCare ROI 초기화,
506,DontCare ROI 완전초기화,/teaching/lga/update?propertyName=DontCare_Button&value=reset,5,,
507,DontCare ROI 영역 비움,/teaching/lga/update?propertyName=DontCare_Button&value=reset,5,,
508,DontCare 영역 리셋,/teaching/lga/update?propertyName=DontCare_Button&value=reset,5,DontCare 전부 초기화,
509,DontCare ROI 새로고침,/teaching/lga/update?propertyName=DontCare_Button&value=reset,5,DontCare ROI 전부 초기화,
510,DontCare ROI 새로 시작,/teaching/lga/update?propertyName=DontCare_Button&value=reset,5,DontCare ROI 전체 리셋,
511,DontCare 영역 리셋 할게요,/teaching/lga/update?propertyName=DontCare_Button&value=reset,5,DontCare ROI 초기화,
512,DontCare ROI 완전 리셋해주세요,/teaching/lga/update?propertyName=DontCare_Button&value=reset,5,DontCare 영역 ROI 초기화,
513,DontCare 영역 전부 초기화 부탁,/teaching/lga/update?propertyName=DontCare_Button&value=reset,5,DontCare ROI 초기화 명령,
514,DontCare ROI 삭제,/teaching/lga/update?propertyName=DontCare_Button&value=delete,5,DontCare ROI 삭제,
515,DontCare 영역 삭제해 주세요,/teaching/lga/update?propertyName=DontCare_Button&value=delete,5,DontCare ROI 삭제 명령,
516,DontCare 영역 ROI 삭제 요청,/teaching/lga/update?propertyName=DontCare_Button&value=delete,5,DontCare ROI 삭제,
517,DontCare ROI 모두 삭제해 주세요,/teaching/lga/update?propertyName=DontCare_Button&value=delete,5,DontCare 탭 ROI 삭제,
518,DontCare ROI 추가,/teaching/lga/update?propertyName=DontCare_Button&value=add,5,DontCare ROI 추가,
519,DontCare ROI 추가 바람,/teaching/lga/update?propertyName=DontCare_Button&value=add,5,,
520,DontCare ROI 추가 실행,/teaching/lga/update?propertyName=DontCare_Button&value=add,5,DontCare ROI 추가 명령,
521,DontCare 영역 신규 추가 부탁,/teaching/lga/update?propertyName=DontCare_Button&value=add,5,DontCare ROI 추가 요청,
522,Grid BGA Scratch Count 입력 ,/teaching/gridbga/update?propertyName=ScratchCount&value=3,5,BGA Scratch Count 설정,
523,Grid BGA Saw Offset X 변경 ,/teaching/gridbga/update?propertyName=SawOffsetX&value=0.025,5,BGA Saw Offset X 설정,
524,Grid BGA Pattern Count 확인 ,/teaching/gridbga/update?propertyName=PatternCount&value=16,5,BGA Pattern Count 입력,
525,Grid BGA Package Width 설정 ,/teaching/gridbga/update?propertyName=PackageWidth&value=12.5,5,BGA Package Width 설정,
526,Grid BGA Package Height 설정 ,/teaching/gridbga/update?propertyName=PackageHeight&value=10.2,5,BGA Package Height 설정,
527,Grid BGA Foreign Material Count 상태 변경 ,/teaching/gridbga/update?propertyName=ForeignMaterialCount&value=2,5,BGA Foreign Material Count 설정,
528,Grid BGA Corner Degree Top Left 설정 ,/teaching/gridbga/update?propertyName=CornerDegreeTopLeft&value=89.5,5,BGA 코너 상단 좌측 각도 설정,
529,BGA 경로 초기화 ,/teaching/bga/update?propertyName=reset,5,BGA 경로 초기화,
530,BGA 티칭 창 RejectMark 탭 ROI 초기화 ,/teaching/bga/update?propertyName=RejectMarkRoi&value=reset,5,,
531,BGA RejectMark 로이 초기화 ,/teaching/bga/update?propertyName=RejectMarkRoi&value=reset,5,,
532,BGA 티칭 창 RejectMark 탭 ROI 삭제,/teaching/bga/update?propertyName=RejectMarkRoi&value=delete,5,,
533,BGA RejectMark 로이 삭제,/teaching/bga/update?propertyName=RejectMarkRoi&value=delete,5,,
534,BGA 티칭 창 RejectMark 탭 ROI 추가,/teaching/bga/update?propertyName=RejectMarkRoi&value=add,5,,
535,BGA RejectMark 로이 추가,/teaching/bga/update?propertyName=RejectMarkRoi&value=add,5,,
536,BGA RejectMark 로이 생성,/teaching/bga/update?propertyName=RejectMarkRoi&value=add,5,,
537,BGA 티칭 RejectMark ROI 생성,/teaching/bga/update?propertyName=RejectMarkRoi&value=add,5,,
538,BGA 티칭 창 FirstPin/Pattern 탭 ROI 초기화,/teaching/bga/update?propertyName=PatternRois&value=reset,5,,
539,BGA FirstPin/Pattern 로이 초기화,/teaching/bga/update?propertyName=PatternRois&value=reset,5,,
540,BGA 티칭 창 FirstPin/Pattern 탭 ROI 삭제,/teaching/bga/update?propertyName=PatternRois&value=delete,5,,
541,BGA FirstPin/Pattern 로이 삭제,/teaching/bga/update?propertyName=PatternRois&value=delete,5,,
542,BGA 티칭 창 FirstPin/Pattern 탭 ROI 추가,/teaching/bga/update?propertyName=PatternRois&value=add,5,,
543,BGA FirstPin/Pattern 로이 추가,/teaching/bga/update?propertyName=PatternRois&value=add,5,,
544,BGA FirstPin/Pattern 로이 생성,/teaching/bga/update?propertyName=PatternRois&value=add,5,,
545,BGA 티칭 FirstPin/Pattern ROI 생성,/teaching/bga/update?propertyName=PatternRois&value=add,5,,
546,BGA Edge 감지 모드를 Last,/teaching/bga/update?propertyName=PackageEdgeDetectMode&value=Last,5,,*확인필요 <> 맞는지
547,BGA 엣지 감지 모드 Last,/teaching/bga/update?propertyName=PackageEdgeDetectMode&value=Last,5,,
548,BGA Edge Detect Mode Last,/teaching/bga/update?propertyName=PackageEdgeDetectMode&value=Last,5,,
549,BGA Edge 감지 모드를 First,/teaching/bga/update?propertyName=PackageEdgeDetectMode&value=First,5,,
550,BGA 엣지 감지 모드 First,/teaching/bga/update?propertyName=PackageEdgeDetectMode&value=First,5,,
551,BGA Edge Detect Mode First,/teaching/bga/update?propertyName=PackageEdgeDetectMode&value=First,5,,
552,BGA Edge 감지 모드를 Best,/teaching/bga/update?propertyName=PackageEdgeDetectMode&value=Best,5,,
553,BGA 엣지 감지 모드 Best,/teaching/bga/update?propertyName=PackageEdgeDetectMode&value=Best,5,,
554,BGA Edge Detect Mode Best,/teaching/bga/update?propertyName=PackageEdgeDetectMode&value=Best,5,,
555,BGA Edge 감지 방향을 Vertical,/teaching/bga/update?propertyName=PackageEdgeDetectDirection&value=Vertical,5,,
556,BGA 엣지 감지 방향 Vertical,/teaching/bga/update?propertyName=PackageEdgeDetectDirection&value=Vertical,5,,
557,BGA Edge Detect Direction Vertical,/teaching/bga/update?propertyName=PackageEdgeDetectDirection&value=Vertical,5,,
558,BGA Edge 감지 방향을 Horizontal,/teaching/bga/update?propertyName=PackageEdgeDetectDirection&value=Horizontal,5,,
559,BGA 엣지 감지 방향 Horizontal,/teaching/bga/update?propertyName=PackageEdgeDetectDirection&value=Horizontal,5,,
560,BGA Edge Detect Direction Horizontal,/teaching/bga/update?propertyName=PackageEdgeDetectDirection&value=Horizontal,5,,
561,BGA Edge 감지 방향을 All,/teaching/bga/update?propertyName=PackageEdgeDetectDirection&value=All,5,,
562,BGA 엣지 감지 방향 All,/teaching/bga/update?propertyName=PackageEdgeDetectDirection&value=All,5,,
563,BGA Edge Detect Direction All,/teaching/bga/update?propertyName=PackageEdgeDetectDirection&value=All,5,,
564,BGA Surface 탭으로 이동,/teaching/bga/update?propertyName=moveTab&value=Surface,5,BGA 티칭 창에서 특정 탭으로 이동,
565,BGA Surface tab,/teaching/bga/update?propertyName=moveTab&value=Surface,5,BGA 티칭 창에서 특정 탭으로 이동,
566,BGA 서페이스 탭으로 이동,/teaching/bga/update?propertyName=moveTab&value=Surface,5,BGA 티칭 창에서 특정 탭으로 이동,
567,BGA Sawing 탭으로 이동,/teaching/bga/update?propertyName=moveTab&value=Sawing,5,BGA 티칭 창에서 특정 탭으로 이동,
568,BGA Sawing tab,/teaching/bga/update?propertyName=moveTab&value=Sawing,5,BGA 티칭 창에서 특정 탭으로 이동,
569,BGA 소잉 탭으로 이동,/teaching/bga/update?propertyName=moveTab&value=Sawing,5,BGA 티칭 창에서 특정 탭으로 이동,
570,BGA Result 탭으로 이동,/teaching/bga/update?propertyName=moveTab&value=Result,5,BGA 티칭 창에서 특정 탭으로 이동,
571,BGA Result tab,/teaching/bga/update?propertyName=moveTab&value=Result,5,BGA 티칭 창에서 특정 탭으로 이동,
572,BGA 리저트 탭,/teaching/bga/update?propertyName=moveTab&value=Result,5,BGA 티칭 창에서 특정 탭으로 이동,
573,BGA RejectMark 탭으로 이동,/teaching/bga/update?propertyName=moveTab&value=RejectMark,5,BGA 티칭 창에서 특정 탭으로 이동,
574,BGA RejectMark tab,/teaching/bga/update?propertyName=moveTab&value=RejectMark,5,BGA 티칭 창에서 특정 탭으로 이동,
575,BGA Package 탭으로 이동,/teaching/bga/update?propertyName=moveTab&value=Package,5,BGA 티칭 창에서 특정 탭으로 이동,
576,BGA Package tab,/teaching/bga/update?propertyName=moveTab&value=Package,,BGA 티칭 창에서 특정 탭으로 이동,
577,BGA 패키지 탭,/teaching/bga/update?propertyName=moveTab&value=Package,,BGA 티칭 창에서 특정 탭으로 이동,
578,BGA FirstPin/Pattern 탭으로 이동,/teaching/bga/update?propertyName=moveTab&value=FirstPin/Pattern,,BGA 티칭 창에서 특정 탭으로 이동,
579,BGA FirstPin/Pattern tab,/teaching/bga/update?propertyName=moveTab&value=FirstPin/Pattern,,BGA 티칭 창에서 특정 탭으로 이동,
580,BGA DontCare 탭으로 이동,/teaching/bga/update?propertyName=moveTab&value=DontCare,,BGA 티칭 창에서 특정 탭으로 이동,
581,BGA DontCare tab,/teaching/bga/update?propertyName=moveTab&value=DontCare,5,BGA 티칭 창에서 특정 탭으로 이동,
582,BGA Ball 탭으로 이동,/teaching/bga/update?propertyName=moveTab&value=Ball,5,BGA 티칭 창에서 특정 탭으로 이동,
583,BGA Ball tab,/teaching/bga/update?propertyName=moveTab&value=Ball,5,BGA 티칭 창에서 특정 탭으로 이동,
584,BGA 볼 탭,/teaching/bga/update?propertyName=moveTab&value=Ball,5,BGA 티칭 창에서 특정 탭으로 이동,
585,bga Result 탭 Inspection 버튼 클릭,/teaching/bga/update?propertyName=inspectTeaching&value=1,5,,
586,bga Result 탭 Inspection,/teaching/bga/update?propertyName=inspectTeaching&value=1,5,,
587,bga Result Inspection 눌러줘,/teaching/bga/update?propertyName=inspectTeaching&value=1,5,,
588,bga Result Inspection 실행,/teaching/bga/update?propertyName=inspectTeaching&value=1,5,,
589,bga Result Inspection 시작,/teaching/bga/update?propertyName=inspectTeaching&value=1,5,,
590,bga 실제 검사 진행,/teaching/bga/update?propertyName=inspectTeaching&value=1,5,,
591,bga 검사 테스트,/teaching/bga/update?propertyName=inspectTeaching&value=1,5,,
592,BGA 창 inspectSurface 버튼 클릭,/teaching/bga/update?propertyName=inspectSurfaceTeaching&value=1,5,,
593,BGA inspectSurface,/teaching/bga/update?propertyName=inspectSurfaceTeaching&value=1,5,,
594,BGA inspectSurface 시작,/teaching/bga/update?propertyName=inspectSurfaceTeaching&value=1,5,,
595,inspect Sawing 버튼 클릭,/teaching/bga/update?propertyName=inspectSawingTeaching&value=1,5,,
596,BGA inspect Sawing 버튼 눌러,/teaching/bga/update?propertyName=inspectSawingTeaching&value=1,5,,
597,BGA inspect Sawing 시작시켜,/teaching/bga/update?propertyName=inspectSawingTeaching&value=1,5,,
598,BGA inspect Sawing,/teaching/bga/update?propertyName=inspectSawingTeaching&value=1,5,,
599,BGA Saw Offset 티칭 테스트,/teaching/bga/update?propertyName=inspectSawingTeaching&value=1,5,,
600,BGA Saw Offset 티칭 테스트 시작,/teaching/bga/update?propertyName=inspectSawingTeaching&value=1,5,,
601,BGA Sawing 자재의 치수 측정,/teaching/bga/update?propertyName=inspectSawingTeaching&value=1,5,,
602,BGA Sawing Chipping/Burr 파라미터 검출,/teaching/bga/update?propertyName=inspectSawingTeaching&value=1,5,,
603,bga inspectRejectMark 버튼 클릭,/teaching/bga/update?propertyName=inspectRejectMarkTeaching&value=1,5,,
604,bga inspectRejectMark,/teaching/bga/update?propertyName=inspectRejectMarkTeaching&value=1,5,,
605,bga inspectRejectMark 시작,/teaching/bga/update?propertyName=inspectRejectMarkTeaching&value=1,5,,
606,bga inspectRejectMark 실행,/teaching/bga/update?propertyName=inspectRejectMarkTeaching&value=1,5,,
607,bga inspectRejectMark 버튼 눌러,/teaching/bga/update?propertyName=inspectRejectMarkTeaching&value=1,5,,
608,bga RejectMark 검출,/teaching/bga/update?propertyName=inspectRejectMarkTeaching&value=1,5,,
609,bga RejectMark 티칭 테스트,/teaching/bga/update?propertyName=inspectRejectMarkTeaching&value=1,5,,
610,findBalls 버튼 클릭,/teaching/bga/update?propertyName=findBallsTeaching&value=1,5,,
611,BGA findBalls,/teaching/bga/update?propertyName=findBallsTeaching&value=1,5,,
612,BGA findBalls 시작,/teaching/bga/update?propertyName=findBallsTeaching&value=1,5,,
613,BGA ball 탭에서 Auto ROI 버튼 클릭,/teaching/bga/update?propertyName=findBallRoiAutoTeaching&value=1,5,,
614,BGA ball 탭 Auto ROI,/teaching/bga/update?propertyName=findBallRoiAutoTeaching&value=1,5,,
615,BGA ball tab Auto 로이,/teaching/bga/update?propertyName=findBallRoiAutoTeaching&value=1,5,,
616,BGA 볼탭 Auto 로이,/teaching/bga/update?propertyName=findBallRoiAutoTeaching&value=1,5,,
617,BGA 볼탭 오토 로이,/teaching/bga/update?propertyName=findBallRoiAutoTeaching&value=1,5,,
618,BGA 티칭 창 DontCare 탭 ROI 초기화 ,/teaching/bga/update?propertyName=DontCareRoi&value=reset,5,,
619,BGA DontCare 로이 초기화 ,/teaching/bga/update?propertyName=DontCareRoi&value=reset,5,,
620,BGA 티칭 창 DontCare 탭 ROI 삭제,/teaching/bga/update?propertyName=DontCareRoi&value=delete,5,,
621,BGA DontCare 로이 삭제,/teaching/bga/update?propertyName=DontCareRoi&value=delete,5,,
622,BGA 티칭 창 DontCare 탭 ROI 추가,/teaching/bga/update?propertyName=DontCareRoi&value=add,5,,
623,BGA DontCare 로이 추가,/teaching/bga/update?propertyName=DontCareRoi&value=add,5,,
624,BGA DontCare 로이 생성,/teaching/bga/update?propertyName=DontCareRoi&value=add,5,,
625,BGA 티칭 DontCare ROI 생성,/teaching/bga/update?propertyName=DontCareRoi&value=add,5,,
626,BGA 티칭 창 Ball 탭 ROI 초기화,/teaching/bga/update?propertyName=BallRoi&value=reset,5,,
627,BGA Ball 로이 초기화,/teaching/bga/update?propertyName=BallRoi&value=reset,5,,
628,BGA 티칭 창 Ball 탭 ROI 삭제,/teaching/bga/update?propertyName=BallRoi&value=delete,5,,
629,BGA Ball 로이 삭제,/teaching/bga/update?propertyName=BallRoi&value=delete,5,,
630,BGA 티칭 창 Ball 탭 ROI 추가,/teaching/bga/update?propertyName=BallRoi&value=add,5,,
631,BGA Ball 로이 추가,/teaching/bga/update?propertyName=BallRoi&value=add,5,,
632,BGA Ball 로이 생성,/teaching/bga/update?propertyName=BallRoi&value=add,5,,
633,BGA 티칭 Ball ROI 생성,/teaching/bga/update?propertyName=BallRoi&value=add,5,,
634,QFN 패키지 오프셋 True로 ,/settings/update?propertyName=UseQfnPackageOffset&value=true,3,UseQfnPackageOffset 활성화,
635,UseMapPackageSize 활성화,/settings/update?propertyName=UseMapPackageSize&value=true,3,UseMapPackageSize 기능 활성화,
636,MapPackageSize 사용하도록,/settings/update?propertyName=UseMapPackageSize&value=true,3,UseMapPackageSize 활성화,
637,UseMapPackageSize 켜주세요,/settings/update?propertyName=UseMapPackageSize&value=true,3,UseMapPackageSize 활성화,
638,MapPackageSize 사용 설정,/settings/update?propertyName=UseMapPackageSize&value=true,3,UseMapPackageSize 사용 활성화,
639,UseMapPackageSize 해제,/settings/update?propertyName=UseMapPackageSize&value=false,3,UseMapPackageSize 기능 해제,
640,UseMapPackageSize 사용 안 함,/settings/update?propertyName=UseMapPackageSize&value=false,3,UseMapPackageSize 비활성화,
641,MapPackageSize 기능 끄기,/settings/update?propertyName=UseMapPackageSize&value=false,3,UseMapPackageSize 비활성화,
642,UseMapPackageOffset 켜주세요,/settings/update?propertyName=UseMapPackageOffset&value=true,3,UseMapPackageOffset 활성화,
643,UseMapPackageOffset 사용 설정,/settings/update?propertyName=UseMapPackageOffset&value=true,3,UseMapPackageOffset 활성화,
644,MapPackageOffset 기능 켜줘,/settings/update?propertyName=UseMapPackageOffset&value=true,3,UseMapPackageOffset 활성화,
645,UseMapPackageOffset 끄기,/settings/update?propertyName=UseMapPackageOffset&value=false,3,UseMapPackageOffset 비활성화,
646,MapPackageOffset 사용 해제,/settings/update?propertyName=UseMapPackageOffset&value=false,3,UseMapPackageOffset 비활성,
647,UseMapPackageOffset 사용 해제,/settings/update?propertyName=UseMapPackageOffset&value=false,3,UseMapPackageOffset 비활성화,
648,MapPackageOffset 기능 끄기,/settings/update?propertyName=UseMapPackageOffset&value=false,3,UseMapPackageOffset 비활성화,
649,UseMapNoDevice 켜줘,/settings/update?propertyName=UseMapNoDevice&value=true,3,UseMapNoDevice 활성화,
650,UseMapNoDevice 활성화해주세요,/settings/update?propertyName=UseMapNoDevice&value=true,3,UseMapNoDevice 활성화 요청,
651,MapNoDevice 사용 켜줘,/settings/update?propertyName=UseMapNoDevice&value=true,3,UseMapNoDevice 활성화,
652,UseMapNoDevice 끄기,/settings/update?propertyName=UseMapNoDevice&value=false,3,UseMapNoDevice 비활성화,
653,MapNoDevice 사용 안 함으로,/settings/update?propertyName=UseMapNoDevice&value=false,3,UseMapNoDevice 비활성,
654,UseMapNoDevice 끄기 부탁합니다,/settings/update?propertyName=UseMapNoDevice&value=false,3,UseMapNoDevice 비활성화 요청,
655,MapNoDevice 기능 끄기,/settings/update?propertyName=UseMapNoDevice&value=false,3,UseMapNoDevice 비활성화,
656,UseMapCornerDegree 활성화해줘,/settings/update?propertyName=UseMapCornerDegree&value=true,3,UseMapCornerDegree 활성화,
657,UseMapCornerDegree 사용 설정,/settings/update?propertyName=UseMapCornerDegree&value=true,3,UseMapCornerDegree 활성화,
658,MapCornerDegree 기능 켜기,/settings/update?propertyName=UseMapCornerDegree&value=true,3,UseMapCornerDegree 활성화,
659,UseMapCornerDegree 비활성,/settings/update?propertyName=UseMapCornerDegree&value=false,3,UseMapCornerDegree 비활성화,
660,MapCornerDegree 기능 끄기,/settings/update?propertyName=UseMapCornerDegree&value=false,3,UseMapCornerDegree 비활성화,
661,UseMapCornerDegree 사용 중지,/settings/update?propertyName=UseMapCornerDegree&value=false,3,UseMapCornerDegree 비활성화,
662,MapCornerDegree 사용 안 함,/settings/update?propertyName=UseMapCornerDegree&value=false,3,UseMapCornerDegree 비활성화,
663,LGA PadCount 기능 ON,/settings/update?propertyName=UseLgaPadCount&value=true,3,PadCount 활성화,
664,PadCount 옵션 활성,/settings/update?propertyName=UseLgaPadCount&value=true,3,,
665,PadCount 옵션 활성화,/settings/update?propertyName=UseLgaPadCount&value=true,3,PadCount 기능 활성화,
666,PadCount 즉시 적용,/settings/update?propertyName=UseLgaPadCount&value=true,3,PadCount 값 즉시 적용,
667,LGA PadCount 활성화 해 주세요,/settings/update?propertyName=UseLgaPadCount&value=true,3,PadCount 기능 켜기,
668,PadCount 기능을 사용하도록 해 주세요,/settings/update?propertyName=UseLgaPadCount&value=true,3,PadCount 기능 활성화,
669,LGA PadCount 사용 가능하게 해주세요,/settings/update?propertyName=UseLgaPadCount&value=true,3,PadCount 사용 기능 활성화,
670,LGA PadCount 기능 OFF,/settings/update?propertyName=UseLgaPadCount&value=false,3,PadCount 비활성화,
671,PadCount 옵션 비활성,/settings/update?propertyName=UseLgaPadCount&value=false,3,,
672,PadCount 옵션 끄기,/settings/update?propertyName=UseLgaPadCount&value=false,3,PadCount 기능 비활성,
673,PadCount 기능 해제,/settings/update?propertyName=UseLgaPadCount&value=false,3,PadCount 기능 완전 해제,
674,LGA PadCount 비활성화 할게요,/settings/update?propertyName=UseLgaPadCount&value=false,3,PadCount 기능 끄기,
675,PadCount 기능을 해제해 주세요,/settings/update?propertyName=UseLgaPadCount&value=false,3,PadCount 기능 비활성화,
676,LGA PadCount 기능 정지할게요,/settings/update?propertyName=UseLgaPadCount&value=false,3,PadCount 기능 비활성화,
677,LGA NoDevice 기능 켜기,/settings/update?propertyName=UseLgaNoDevice&value=true,3,NoDevice 기능 활성화,
678,NoDevice 기능 활성화,/settings/update?propertyName=UseLgaNoDevice&value=true,3,,
679,NoDevice 모드 켜기,/settings/update?propertyName=UseLgaNoDevice&value=true,3,NoDevice 옵션 활성화,
680,NoDevice 활성화,/settings/update?propertyName=UseLgaNoDevice&value=true,3,LGA NoDevice 활성화 명령,
681,LGA NoDevice 기능 활성화 해 주세요,/settings/update?propertyName=UseLgaNoDevice&value=true,3,NoDevice 기능 켜기,
682,NoDevice 기능 켜 주세요,/settings/update?propertyName=UseLgaNoDevice&value=true,3,NoDevice 기능 활성화 요청,
683,LGA NoDevice 옵션 켜 주세요,/settings/update?propertyName=UseLgaNoDevice&value=true,3,NoDevice 기능 활성화,
684,LGA NoDevice 기능 끄기,/settings/update?propertyName=UseLgaNoDevice&value=false,3,NoDevice 기능 비활성화,
685,NoDevice 설정 끔,/settings/update?propertyName=UseLgaNoDevice&value=false,3,,
686,NoDevice 기능 OFF,/settings/update?propertyName=UseLgaNoDevice&value=false,3,NoDevice 옵션 비활성,
687,NoDevice 완전 비활성,/settings/update?propertyName=UseLgaNoDevice&value=false,3,NoDevice 완전 끔,
688,LGA NoDevice 기능 해제 할게요,/settings/update?propertyName=UseLgaNoDevice&value=false,3,NoDevice 기능 끄기,
689,NoDevice 기능 끄기로 해 주세요,/settings/update?propertyName=UseLgaNoDevice&value=false,3,NoDevice 기능 비활성화 요청,
690,LGA NoDevice 옵션 끄겠습니다,/settings/update?propertyName=UseLgaNoDevice&value=false,3,NoDevice 기능 비활성화,
691,BGA 패키지사이즈 사용 꺼 ,/settings/update?propertyName=UseBgaPackageSize&value=false,3,UseBgaPackageSize 비활성화,
692,BGA 노디바이스 ON ,/settings/update?propertyName=UseBgaNoDevice&value=true,3,UseBgaNoDevice 활성화,
693,트레이 행 개수 8로 세팅해 ,/settings/update?propertyName=TrayRowCount&value=8,3,TrayRowCount=8 변경,
694,트레이 행 20개로 변경 ,/settings/update?propertyName=TrayRowCount&value=20,3,TrayRowCount=20,
695,트레이 열 10으로 변경해줘 ,/settings/update?propertyName=TrayColCount&value=10,3,TrayColCount=10 변경,
696,패키지 높이 15로 바꿔 줘 ,/settings/update?propertyName=PackageHeight&value=15,3,PackageHeight=15,
697,패키지 높이 12.3으로 변경 ,/settings/update?propertyName=PackageHeight&value=12.3,3,PackageHeight=12.3 변경,
698,Mark 개수 8로,/settings/update?propertyName=MarkCount&value=8,3,MarkCount 8로 설정,
699,MarkCount 7로 맞춰줘,/settings/update?propertyName=MarkCount&value=7,3,MarkCount 7로 설정,
700,MarkCount 6으로 변경,/settings/update?propertyName=MarkCount&value=6,3,MarkCount 6으로 변경,
701,MarkCount 5로 바꿔줘,/settings/update?propertyName=MarkCount&value=5,3,MarkCount 값 5로 변경,
702,Mark 개수를 4로 설정,/settings/update?propertyName=MarkCount&value=4,3,MarkCount 4로 설정,
703,MarkCount를 3으로,/settings/update?propertyName=MarkCount&value=3,3,MarkCount 값 3으로 설정,
704,MarkCount 2로 설정,/settings/update?propertyName=MarkCount&value=2,3,MarkCount 2로 설정,
705,맵 텍스트 오프셋X 1로 바꿔 ,/settings/update?propertyName=MapTextOffsetX&value=1,3,MapTextOffsetX=1,
706,MappingSawOffset Y축 0.4로,/settings/update?propertyName=MappingSawOffsetY&value=0.4,3,MappingSawOffset Y 0.4,
707,MappingSawOffsetY 0.35로 조정,/settings/update?propertyName=MappingSawOffsetY&value=0.35,3,MappingSawOffset Y 0.35로,
708,MappingSawOffsetY 0.28로 조정,/settings/update?propertyName=MappingSawOffsetY&value=0.28,3,MappingSawOffset Y 0.28,
709,MappingSawOffsetY 0.22로 세팅,/settings/update?propertyName=MappingSawOffsetY&value=0.22,3,MappingSawOffset Y 0.22,
710,MappingSawOffsetY 0.2로,/settings/update?propertyName=MappingSawOffsetY&value=0.2,3,MappingSawOffset Y 0.2로 설정,
711,MappingSawOffsetY를 0.18로,/settings/update?propertyName=MappingSawOffsetY&value=0.18,3,MappingSawOffset Y 0.18,
712,MappingSawOffsetY 0.15로,/settings/update?propertyName=MappingSawOffsetY&value=0.15,3,MappingSawOffset Y 0.15,
713,MappingSawOffset X축 0.45로,/settings/update?propertyName=MappingSawOffsetX&value=0.45,3,MappingSawOffset X 0.45,
714,MappingSawOffsetX 0.4로 변경,/settings/update?propertyName=MappingSawOffsetX&value=0.4,3,MappingSawOffset X 0.4로,
715,MappingSawOffsetX 0.38로 세팅,/settings/update?propertyName=MappingSawOffsetX&value=0.38,3,MappingSawOffset X 0.38,
716,MappingSawOffsetX 0.32로 변경,/settings/update?propertyName=MappingSawOffsetX&value=0.32,3,MappingSawOffset X 0.32,
717,MappingSawOffsetX를 0.3으로,/settings/update?propertyName=MappingSawOffsetX&value=0.3,3,MappingSawOffset X 0.3,
718,MappingSawOffsetX 0.2로 설정,/settings/update?propertyName=MappingSawOffsetX&value=0.2,3,MappingSawOffset X 0.2로,
719,MappingSawOffsetX 0.15로,/settings/update?propertyName=MappingSawOffsetX&value=0.15,3,MappingSawOffset X 0.15,
720,MappingSawOffsetColor Teal로,/settings/update?propertyName=MappingSawOffsetColor&value=Teal,3,MappingSawOffset 색상 Teal,
721,MappingSawOffsetColor Purple로,/settings/update?propertyName=MappingSawOffsetColor&value=Purple,3,MappingSawOffset 색상 Purple,
722,MappingSawOffsetColor Navy로,/settings/update?propertyName=MappingSawOffsetColor&value=Navy,3,MappingSawOffset 색상 Navy,
723,MappingSawOffsetColor Lime으로 변경,/settings/update?propertyName=MappingSawOffsetColor&value=Lime,3,MappingSawOffset 색상 Lime,
724,MappingSawOffsetColor Gold로,/settings/update?propertyName=MappingSawOffsetColor&value=Gold,3,MappingSawOffset 색상 Gold,
725,MappingSawOffsetColor Cyan으로 변경,/settings/update?propertyName=MappingSawOffsetColor&value=Cyan,3,MappingSawOffset 색상 Cyan,
726,MappingSawOffset 색상 Coral로,/settings/update?propertyName=MappingSawOffsetColor&value=Coral,3,MappingSawOffset 색상 Coral,
727,MapPackageType STRIP으로,/settings/update?propertyName=MapPackageType&value=STRIP,3,MapPackageType STRIP로 변경,
728,맵 패키지 타입 QFN으로 해 ,/settings/update?propertyName=MapPackageType&value=QFN,3,MapPackageType=QFN,
729,MapPackageType QFN으로 설정,/settings/update?propertyName=MapPackageType&value=QFN,3,MapPackageType을 QFN으로 설정,
730,MapPackageType을 QFN으로 바꿔주세요,/settings/update?propertyName=MapPackageType&value=QFN,3,MapPackageType QFN으로,
731,매핑 패키지 타입을 LGA로 바꿔주세요,/settings/update?propertyName=MapPackageType&value=LGA,3,MapPackageType을 LGA로 변경,
732,MapPackageType LGA로 변경해주세요,/settings/update?propertyName=MapPackageType&value=LGA,3,MapPackageType LGA로 변경,
733,맵 패키지 타입 BGA로 변경 ,/settings/update?propertyName=MapPackageType&value=BGA,3,MapPackageType=BGA,
734,MapPackageType을 BGA로 바꿔줘,/settings/update?propertyName=MapPackageType&value=BGA,3,MapPackageType을 BGA로 변경,
735,매핑 패키지 타입 BGA로 설정,/settings/update?propertyName=MapPackageType&value=BGA,3,MapPackageType BGA로 설정,
736,MapPackageSize 가로 16.8로,/settings/update?propertyName=MapPackageSizeWidth&value=16.8,3,MapPackageSize 폭 16.8,
737,MapPackageSizeWidth 15.5로,/settings/update?propertyName=MapPackageSizeWidth&value=15.5,3,MapPackageSize 폭 15.5로 변경,
738,MapPackageSizeWidth 14로 설정,/settings/update?propertyName=MapPackageSizeWidth&value=14,3,MapPackageSize 폭 14 설정,
739,MapPackageSize 가로를 13.8로,/settings/update?propertyName=MapPackageSizeWidth&value=13.8,3,MapPackageSize 폭 13.8,
740,MapPackageSizeWidth 12로 설정,/settings/update?propertyName=MapPackageSizeWidth&value=12,3,MapPackageSize 폭 12로 설정,
741,MapPackageSizeWidth 11.2로 변경,/settings/update?propertyName=MapPackageSizeWidth&value=11.2,3,MapPackageSize 폭 11.2,
742,MapPackageSizeWidth 10.5로,/settings/update?propertyName=MapPackageSizeWidth&value=10.5,3,MapPackageSize 폭 10.5,
743,MapPackageSizeHeight 9로 설정,/settings/update?propertyName=MapPackageSizeHeight&value=9,3,MapPackageSize 높이 9,
744,MapPackageSizeHeight 8.3으로 변경,/settings/update?propertyName=MapPackageSizeHeight&value=8.3,3,MapPackageSize 높이 8.3으로,
745,MapPackageSize 세로 7.8로,/settings/update?propertyName=MapPackageSizeHeight&value=7.8,3,MapPackageSize 높이 7.8,
746,MapPackageSize 세로를 7.2로,/settings/update?propertyName=MapPackageSizeHeight&value=7.2,3,MapPackageSize 높이 7.2,
747,MapPackageSizeHeight 6.5로 변경,/settings/update?propertyName=MapPackageSizeHeight&value=6.5,3,MapPackageSize 높이 6.5,
748,MapPackageSizeHeight 6으로,/settings/update?propertyName=MapPackageSizeHeight&value=6,3,MapPackageSize 높이 6으로,
749,MapPackageSizeHeight 5.5로,/settings/update?propertyName=MapPackageSizeHeight&value=5.5,3,MapPackageSize 높이 5.5,
750,MapPackageSizeColor Yellow로 바꿔,/settings/update?propertyName=MapPackageSizeColor&value=Yellow,3,MapPackageSize 색상 Yellow,
751,MapPackageSizeColor Teal로 바꿔,/settings/update?propertyName=MapPackageSizeColor&value=Teal,3,MapPackageSize 색상 Teal,
752,MapPackageSize 색상 Purple로,/settings/update?propertyName=MapPackageSizeColor&value=Purple,3,MapPackageSize 색상 Purple,
753,MapPackageSizeColor Pink로,/settings/update?propertyName=MapPackageSizeColor&value=Pink,3,MapPackageSize 색상 Pink,
754,MapPackageSizeColor를 Magenta로,/settings/update?propertyName=MapPackageSizeColor&value=Magenta,3,MapPackageSize 색상 Magenta,
755,MapPackageSizeColor Green으로,/settings/update?propertyName=MapPackageSizeColor&value=Green,3,MapPackageSize 색상 Green,
756,MapPackageSizeColor Black으로,/settings/update?propertyName=MapPackageSizeColor&value=Black,3,MapPackageSize 색상 Black,
757,MapPackageOffset 색상 Silver로,/settings/update?propertyName=MapPackageOffsetColor&value=Silver,3,MapPackageOffset 색상 Silver,
758,MapPackageOffsetColor Red로,/settings/update?propertyName=MapPackageOffsetColor&value=Red,3,MapPackageOffset 색상 Red,
759,MapPackageOffsetColor Orange로 변경,/settings/update?propertyName=MapPackageOffsetColor&value=Orange,3,MapPackageOffset 색상 Orange,
760,MapPackageOffsetColor Navy로 변경,/settings/update?propertyName=MapPackageOffsetColor&value=Navy,3,MapPackageOffset 색상 Navy,
761,MapPackageOffsetColor Lime으로,/settings/update?propertyName=MapPackageOffsetColor&value=Lime,3,MapPackageOffset 색상 Lime,
762,MapPackageOffsetColor Gray로,/settings/update?propertyName=MapPackageOffsetColor&value=Gray,3,MapPackageOffset 색상 Gray,
763,MapPackageOffsetColor Blue로,/settings/update?propertyName=MapPackageOffsetColor&value=Blue,3,MapPackageOffset 색상 Blue,
764,MapNoDeviceColor Yellow로,/settings/update?propertyName=MapNoDeviceColor&value=Yellow,3,MapNoDevice 색상 Yellow,
765,MapNoDeviceColor를 Red로,/settings/update?propertyName=MapNoDeviceColor&value=Red,3,MapNoDevice 색상 Red,
766,MapNoDevice 색상 Purple로,/settings/update?propertyName=MapNoDeviceColor&value=Purple,3,MapNoDevice 색상 Purple,
767,MapNoDeviceColor Orange로 바꿔주세요,/settings/update?propertyName=MapNoDeviceColor&value=Orange,3,MapNoDevice 색상 Orange,
768,MapNoDevice 색상 Green으로,/settings/update?propertyName=MapNoDeviceColor&value=Green,3,MapNoDevice 색상 Green,
769,MapNoDeviceColor를 Cyan으로 바꿔줘,/settings/update?propertyName=MapNoDeviceColor&value=Cyan,3,MapNoDevice 색상 Cyan,
770,MapNoDeviceColor Blue로 변경,/settings/update?propertyName=MapNoDeviceColor&value=Blue,3,MapNoDevice 색상 Blue,
771,LgaRejectMarkColor를 Teal로 변경해주실래요?,/settings/update?propertyName=LgaRejectMarkColor&value=Teal,3,RejectMark 색상 변경,
772,LGA RejectMark 색상을 Silver로,/settings/update?propertyName=LgaRejectMarkColor&value=Silver,3,RejectMark 색상 변경,
773,RejectMark 색상 Purple,/settings/update?propertyName=LgaRejectMarkColor&value=Purple,3,RejectMark 색상 Purple,
774,RejectMarkColor를 Purple로 바꿔 주세요,/settings/update?propertyName=LgaRejectMarkColor&value=Purple,3,RejectMark 색상 변경,
775,LGA RejectMarkColor Orange로 바꿔줘,/settings/update?propertyName=LgaRejectMarkColor&value=Orange,3,RejectMark 색상 변경,
776,RejectMark 색상을 Orange로 줘요,/settings/update?propertyName=LgaRejectMarkColor&value=Orange,3,RejectMark 색상 조정,
777,RejectMark 표시 색 Green,/settings/update?propertyName=LgaRejectMarkColor&value=Green,3,RejectMark 색상 Green,
778,LGA RejectMarkColor를 Coral로,/settings/update?propertyName=LgaRejectMarkColor&value=Coral,3,RejectMark 색상 Coral,
779,RejectMark 색상 Blue로 변경,/settings/update?propertyName=LgaRejectMarkColor&value=Blue,3,RejectMark 색상 Blue 변경,
780,RejectMarkColor를 Black로,/settings/update?propertyName=LgaRejectMarkColor&value=Black,3,,
781,RejectMarkColor Black,/settings/update?propertyName=LgaRejectMarkColor&value=Black,3,RejectMark 색상 Black,
782,LgaRejectMarkColor 검정으로 세팅 했어요,/settings/update?propertyName=LgaRejectMarkColor&value=Black,3,RejectMark 색상 검정,
783,LgaPadPitch 1.05,/settings/update?propertyName=LgaPadPitch&value=1.05,3,PadPitch 1.05 세팅,
784,LgaPadPitch 값 0.95로,/settings/update?propertyName=LgaPadPitch&value=0.95,3,PadPitch 값을 0.95로 지정,
785,PadPitch를 0.85로 만들어 주세요,/settings/update?propertyName=LgaPadPitch&value=0.85,3,PadPitch 값 변경,
786,LGA PadPitch 0.8로 맞춰줘,/settings/update?propertyName=LgaPadPitch&value=0.8,3,Pad Pitch 설정,
787,LgaPadPitch 값을 0.78로 바꿔 주세요,/settings/update?propertyName=LgaPadPitch&value=0.78,3,PadPitch 값 변경,
788,LgaPadPerimeter 4.8,/settings/update?propertyName=LgaPadPerimeter&value=4.8,3,Pad 둘레값 4.8,
789,LgaPadPerimeter 4.2,/settings/update?propertyName=LgaPadPerimeter&value=4.2,3,Pad 둘레값을 4.2로,
790,PadPerimeter를 4로 해 주세요,/settings/update?propertyName=LgaPadPerimeter&value=4,3,PadPerimeter 값 조정,
791,LgaPadPerimeter를 3.91까지 조정해 주세요,/settings/update?propertyName=LgaPadPerimeter&value=3.91,3,Pad 둘레 값 조정,
792,LGA PadPerimeter 값을 3.7로,/settings/update?propertyName=LgaPadPerimeter&value=3.7,3,Pad 둘레 변경,
793,PadOffsetX를 0.7로 조절해 주세요,/settings/update?propertyName=LgaPadOffsetX&value=0.7,3,PadOffsetX 변경,
794,PadOffsetX는 0.5,/settings/update?propertyName=LgaPadOffsetX&value=0.5,3,PadOffsetX 값 0.5 지정,
795,LgaPadOffsetX를 0.45로 변경해 주세요,/settings/update?propertyName=LgaPadOffsetX&value=0.45,3,Pad Offset X 조정,
796,LGA PadOffsetX 0.4로 변경,/settings/update?propertyName=LgaPadOffsetX&value=0.4,3,Pad Offset X 조정,
797,PadOffsetX 0.25 적용,/settings/update?propertyName=LgaPadOffsetX&value=0.25,3,PadOffsetX 값을 0.25로 설정,
798,PadOffsetT 0.12로 맞춤,/settings/update?propertyName=LgaPadOffsetT&value=0.12,3,PadOffsetT 0.12,
799,LgaPadOffsetT를 0.1로 변경 바랍니다,/settings/update?propertyName=LgaPadOffsetT&value=0.1,3,Pad Offset T 변경,
800,PadOffsetT를 0.09로 조정해 주세요,/settings/update?propertyName=LgaPadOffsetT&value=0.09,3,PadOffsetT 변경,
801,PadOffsetT 값 0.08,/settings/update?propertyName=LgaPadOffsetT&value=0.08,3,PadOffsetT 0.08로 조정,
802,LGA PadOffsetT 0.06으로 세팅,/settings/update?propertyName=LgaPadOffsetT&value=0.06,3,Pad Offset T 조정,
803,LGA PadCountColor를 White로,/settings/update?propertyName=LgaPadCountColor&value=White,3,PadCount 색상 White,
804,LGA PadCount 색상 Red로 바꿔줘,/settings/update?propertyName=LgaPadCountColor&value=Red,3,PadCount 색상 변경,
805,PadCount 색상 Olive로,/settings/update?propertyName=LgaPadCountColor&value=Olive,3,PadCount 색상 Olive로 지정,
806,PadCount 색상 Gray,/settings/update?propertyName=LgaPadCountColor&value=Gray,3,,
807,PadCount 색상 Cyan,/settings/update?propertyName=LgaPadCountColor&value=Cyan,3,PadCount 색상 Cyan 적용,
808,PadCount 색상을 Cyan으로 바꿔 주세요,/settings/update?propertyName=LgaPadCountColor&value=Cyan,3,PadCount 색상 변경,
809,LgaPadCount 색상을 Coral로 바꿔 주세요,/settings/update?propertyName=LgaPadCountColor&value=Coral,3,PadCount 색상 변경,
810,PadArea를 15로 설정해 주세요,/settings/update?propertyName=LgaPadArea&value=15,3,PadArea 값 변경,
811,PadArea를 14로 변겅,/settings/update?propertyName=LgaPadArea&value=14,3,PadArea 14로 변겅,
812,LgaPadArea 13으로 설정해 주시겠어요?,/settings/update?propertyName=LgaPadArea&value=13,3,Pad 면적 조정,
813,PadArea를 12로 변경,/settings/update?propertyName=LgaPadArea&value=12,3,PadArea 값을 12로 변경,
814,LGA PadArea 10으로 설정,/settings/update?propertyName=LgaPadArea&value=10,3,Pad 면적 조정,
815,LGA PackageSizeWidth 8.9,/settings/update?propertyName=LgaPackageSizeWidth&value=8.9,3,패키지 폭 8.9로 변경,
816,PackageSizeWidth를 14.4로 늘려 주세요,/settings/update?propertyName=LgaPackageSizeWidth&value=14.4,3,Package 폭 조정,
817,LgaPackageSizeWidth를 14.2로 조정해 주세요,/settings/update?propertyName=LgaPackageSizeWidth&value=14.2,3,Package 폭 조절,
818,LGA PackageSizeWidth 13.4,/settings/update?propertyName=LgaPackageSizeWidth&value=13.4,3,패키지 가로 13.4,
819,LGA PackageSizeWidth 12.2,/settings/update?propertyName=LgaPackageSizeWidth&value=12.2,3,,
820,LGA PackageSizeWidth 11.5로,/settings/update?propertyName=LgaPackageSizeWidth&value=11.5,3,패키지 폭 변경,
821,LGA PackageSizeWidth 10으로,/settings/update?propertyName=LgaPackageSizeWidth&value=10,3,패키지 가로크기 10,
822,LGA PackageSizeHeight 8.1,/settings/update?propertyName=LgaPackageSizeHeight&value=8.1,3,패키지 높이 8.1,
823,PackageSizeHeight를 7.5로 맞춰 주세요,/settings/update?propertyName=LgaPackageSizeHeight&value=7.5,3,Package 높이 조정,
824,LgaPackageSizeHeight를 7.3으로 바꿔주세요,/settings/update?propertyName=LgaPackageSizeHeight&value=7.3,3,Package 높이 조절,
825,LGA PackageSizeHeight 6.2로,/settings/update?propertyName=LgaPackageSizeHeight&value=6.2,3,패키지 높이 변경,
826,LGA PackageSizeHeight 6.1,/settings/update?propertyName=LgaPackageSizeHeight&value=6.1,3,패키지 높이 6.1로 변경,
827,LGA PackageSizeHeight 5.3,/settings/update?propertyName=LgaPackageSizeHeight&value=5.3,3,,
828,LGA PackageSizeHeight 5로,/settings/update?propertyName=LgaPackageSizeHeight&value=5,3,패키지 세로크기 5,
829,NoDevice 색상 Teal로,/settings/update?propertyName=LgaNoDeviceColor&value=Teal,3,,
830,NoDevice 색상 선택 Teal,/settings/update?propertyName=LgaNoDeviceColor&value=Teal,3,NoDevice 색상 Teal 지정,
831,NoDevice 색상을 Red로 설정해 주세요,/settings/update?propertyName=LgaNoDeviceColor&value=Red,3,NoDevice 색상 변경 요청,
832,NoDeviceColor를 Navy로 변경,/settings/update?propertyName=LgaNoDeviceColor&value=Navy,3,NoDevice 색상 Navy 적용,
833,LGA NoDeviceColor를 Gold로,/settings/update?propertyName=LgaNoDeviceColor&value=Gold,3,NoDevice 색상 Gold,
834,LgaNoDevice 색상을 Crimson으로 설정해 주세요,/settings/update?propertyName=LgaNoDeviceColor&value=Crimson,3,NoDevice 색상 변경,
835,LGA NoDevice 색상 Blue로 부탁,/settings/update?propertyName=LgaNoDeviceColor&value=Blue,3,NoDevice 색상 지정,
836,LeadSizeWidth 2.4로,/settings/update?propertyName=LgaLeadSizeWidth&value=2.4,3,리드폭 2.4 지정,
837,LeadSizeWidth를 2.1로 조정해 주세요,/settings/update?propertyName=LgaLeadSizeWidth&value=2.1,3,LeadSizeWidth 값 변경,
838,LgaLeadSizeWidth를 1.9로 저희가 설정했어요,/settings/update?propertyName=LgaLeadSizeWidth&value=1.9,3,Lead 크기 폭 설정,
839,리드 폭 1.8 설정,/settings/update?propertyName=LgaLeadSizeWidth&value=1.8,3,,
840,LGA LeadSizeWidth 1.7로 변경,/settings/update?propertyName=LgaLeadSizeWidth&value=1.7,3,리드폭 변경,
841,LGA LeadSizeWidth를 1.5로,/settings/update?propertyName=LgaLeadSizeWidth&value=1.5,3,리드 폭 1.5 설정,
842,LeadSizeWidth 설정 1.2,/settings/update?propertyName=LgaLeadSizeWidth&value=1.2,3,리드 폭 1.2로,
843,LgaLeadPitch 색상을 Purple로 해주세요,/settings/update?propertyName=LgaLeadPitchColor&value=Purple,3,LeadPitch 색상 변경,
844,LeadPitch 색깔 Pink로,/settings/update?propertyName=LgaLeadPitchColor&value=Pink,3,LeadPitch 색상 Pink 설정,
845,LeadPitch 색 Olive로,/settings/update?propertyName=LgaLeadPitchColor&value=Olive,3,,
846,LeadPitch색을 Olive로,/settings/update?propertyName=LgaLeadPitchColor&value=Olive,3,LeadPitch 색상 Olive 세팅,
847,LGALeadPitch 색 Navy로,/settings/update?propertyName=LgaLeadPitchColor&value=Navy,3,LGA 리드 피치 색 Navy,
848,LeadPitch색을 Navy로 설정해 주세요,/settings/update?propertyName=LgaLeadPitchColor&value=Navy,3,LeadPitch 색상 변경,
849,LGA LeadPitch 색 Black으로,/settings/update?propertyName=LgaLeadPitchColor&value=Black,3,LeadPitch 색상 변경,
850,LgaLeadPitch를 1.7로 세팅 부탁드립니다,/settings/update?propertyName=LgaLeadPitch&value=1.7,3,Lead Pitch 세팅,
851,LeadPitch 값을 1.6으로,/settings/update?propertyName=LgaLeadPitch&value=1.6,3,LeadPitch 값을 1.6으로 변경,
852,LeadPitch를 1.4로 맞춰 주세요,/settings/update?propertyName=LgaLeadPitch&value=1.4,3,LeadPitch 값 변경,
853,LeadPitch 1.3,/settings/update?propertyName=LgaLeadPitch&value=1.3,3,LeadPitch 값을 1.3으로 설정,
854,LGA LeadPitch 1.2로 조정,/settings/update?propertyName=LgaLeadPitch&value=1.2,3,Lead Pitch 설정,
855,LgaLeadPerimeter는 3.6,/settings/update?propertyName=LgaLeadPerimeter&value=3.6,3,리드 둘레 3.6 세팅,
856,LgaLeadPerimeter를 3.3으로 바꿀게요,/settings/update?propertyName=LgaLeadPerimeter&value=3.3,3,Lead Perimeter 조정,
857,LeadPerimeter을 3로 해 주세요,/settings/update?propertyName=LgaLeadPerimeter&value=3,3,LeadPerimeter 설정,
858,LGA LeadPerimeter 2.8로 변경,/settings/update?propertyName=LgaLeadPerimeter&value=2.8,3,Lead 주변 길이 조정,
859,LgaLeadPerimeter 2.7,/settings/update?propertyName=LgaLeadPerimeter&value=2.7,3,리드 둘레를 2.7로 설정,
860,LeadOffsetY를 0.3으로 맞춰 주세요,/settings/update?propertyName=LgaLeadOffsetY&value=0.3,3,LeadOffsetY 조정,
861,LgaLeadOffsetY를 0.28로 맞춰주세요,/settings/update?propertyName=LgaLeadOffsetY&value=0.28,3,Lead Offset Y 조정,
862,LGA LeadOffsetY 0.25로,/settings/update?propertyName=LgaLeadOffsetY&value=0.25,3,Lead Offset Y 변경,
863,LeadOffsetY 0.22로 맞추기,/settings/update?propertyName=LgaLeadOffsetY&value=0.22,3,LeadOffsetY 0.22조정,
864,LeadOffsetY 0.19로 맞춤,/settings/update?propertyName=LgaLeadOffsetY&value=0.19,3,LeadOffsetY 값을 0.19로,
865,LgaLeadArea를 8로 설정합니다,/settings/update?propertyName=LgaLeadArea&value=8,3,Lead 면적 조정,
866,LeadArea 7로 조정,/settings/update?propertyName=LgaLeadArea&value=7,3,LeadArea 7 설정,
867,LeadArea를 7로 재설정해 주세요,/settings/update?propertyName=LgaLeadArea&value=7,3,LeadArea 값 설정,
868,LGA LeadArea 6.8로,/settings/update?propertyName=LgaLeadArea&value=6.8,3,Lead 면적 변경,
869,LeadArea 수치 11,/settings/update?propertyName=LgaLeadArea&value=11,3,LeadArea를 11로 설정,
870,LGA CornerDegree를 7.0으로,/settings/update?propertyName=LgaCornerDegree&value=7.0,3,코너 각도 7.0 설정,
871,CornerDegree를 4.2로,/settings/update?propertyName=LgaCornerDegree&value=4.2,3,CornerDegree 4.2로 설정,
872,LgaCornerDegree를 3.6으로 조절해 주세요,/settings/update?propertyName=LgaCornerDegree&value=3.6,3,코너 각도 조절,
873,LGA CornerDegree 3.2로 세팅,/settings/update?propertyName=LgaCornerDegree&value=3.2,3,코너각도 설정,
874,CornerDegree 값을 3.1로 맞춰 주세요,/settings/update?propertyName=LgaCornerDegree&value=3.1,3,CornerDegree 값 변경,
875,CornerDegree 2.7로 조정,/settings/update?propertyName=LgaCornerDegree&value=2.7,3,코너 각도를 2.7로 변경,
876,코너 각도 2.5,/settings/update?propertyName=LgaCornerDegree&value=2.5,3,,
877,LGAChippingColor를 Violet로,/settings/update?propertyName=LgaChippingColor&value=Violet,3,LGA 칩핑 색상 Violet,
878,ChippingColor를 Salmon으로,/settings/update?propertyName=LgaChippingColor&value=Salmon,3,,
879,ChippingColor Salmon 선택,/settings/update?propertyName=LgaChippingColor&value=Salmon,3,Chipping 색상 Salmon 지정,
880,LGA ChippingColor Pink색 선택,/settings/update?propertyName=LgaChippingColor&value=Pink,3,Chipping 색상 변경,
881,ChippingColor를 Orange로 지정해 주세요,/settings/update?propertyName=LgaChippingColor&value=Orange,3,Chipping 색상 변경,
882,ChippingColor를 Lime으로,/settings/update?propertyName=LgaChippingColor&value=Lime,3,Chipping 색상 Lime,
883,LgaChippingColor가 Gray로 변경됐어요,/settings/update?propertyName=LgaChippingColor&value=Gray,3,Chipping 색상 변경,
884,PRS 기능 켜 ,/settings/update?propertyName=IsPrsUsed&value=true,3,IsPrsUsed 활성화,
885,IsMappingUsed 활성화해주세요,/settings/update?propertyName=IsMappingUsed&value=true,3,IsMappingUsed 기능 활성화,
886,IsMappingUsed 기능 켜 주세요,/settings/update?propertyName=IsMappingUsed&value=true,3,IsMappingUsed 활성화 요청,
887,IsMappingUsed 사용 설정,/settings/update?propertyName=IsMappingUsed&value=true,3,IsMappingUsed 활성화,
888,매핑 사용 여부 켜줘,/settings/update?propertyName=IsMappingUsed&value=true,3,IsMappingUsed 사용 활성화,
889,불량맵핑 사용 false로 설정 ,/settings/update?propertyName=IsMappingUsed&value=false,3,IsMappingUsed 비활성화,
890,IsMappingUsed 비활성화,/settings/update?propertyName=IsMappingUsed&value=false,3,IsMappingUsed 기능 비활성화,
891,IsMappingUsed 사용 안 함,/settings/update?propertyName=IsMappingUsed&value=false,3,IsMappingUsed 비활성화,
892,매핑 사용 여부 비활성화,/settings/update?propertyName=IsMappingUsed&value=false,3,IsMappingUsed 비활성화,
893,바코드 켜줘 ,/settings/update?propertyName=IsBarcodeUsed&value=true,3,IsBarcodeUsed 활성화,
894,바코드 사용 false ,/settings/update?propertyName=IsBarcodeUsed&value=false,3,IsBarcodeUsed 비활성화,
895,카메라 FOV 행 5로 바꿔 ,/settings/update?propertyName=FovRowCount&value=5,3,FovRowCount=5 바꿈,
896,FOV 열 개수 4로 맞춰 ,/settings/update?propertyName=FovColCount&value=4,3,FovColCount=4,
897,블록 행 개수 6으로 지정 ,/settings/update?propertyName=BlockRowCount&value=6,3,BlockRowCount=6,
898,블록 열 개수 7로 해 ,/settings/update?propertyName=BlockColCount&value=7,3,BlockColCount=7 변경,
899,BGA 노디바이스 색상 Red로 ,/settings/update?propertyName=BgaNoDeviceColor&value=Red,3,BgaNoDeviceColor=Red,
900,BGA 코너 각도 2.5로 세팅 ,/settings/update?propertyName=BgaCornerDegree&value=2.5,3,BgaCornerDegree=2.5,
901,ROI 리셋해 줘 ,/roi/operation?operationName=ResetRoisOperation,8,ROI 전체 리셋,
902,ROI 영역 초기화 ,/roi/operation?operationName=ResetRoisOperation,8,ROI 영역 초기화,
903,3번 ROI 삭제 ,/roi/operation?operationName=DeleteRoiOperation&index=3,8,특정 ROI(3번) 삭제,
904,ROI 전체 삭제해 줘 ,/roi/operation?operationName=DeleteRoiOperation,8,ROI 전체 삭제,
905,ROI 삭제해 줘 ,/roi/operation?operationName=DeleteRoiOperation,8,ROI 전체 삭제,
906,ROI 새로 만들어 줘 ,/roi/operation?operationName=CreateRoiOperation,8,ROI 새로 생성,
907,ROI 영역 다시 만들기 ,/roi/operation?operationName=CreateRoiOperation,8,ROI 영역 재생성,
908,ROI 추가해 ,/roi/operation?operationName=AddRoiOperation&roiName=TestROI&row=500&col=500&height=1000&width=1000,8,ROI 추가,
909,테스트용 ROI 넣기 ,/roi/operation?operationName=AddRoiOperation&roiName=TestROI&row=300&col=300&height=200&width=200,8,테스트 ROI 추가,
910,응 ,/openWindow/yes,99,긍정 단답 yes 처리,
911,네 ,/openWindow/yes,99,긍정 단답 yes 처리,
912,yes ,/openWindow/yes,99,영어 긍정 yes 처리,
913,좋아 ,/openWindow/yes,99,긍정 단답,
914,예 ,/openWindow/yes,99,긍정 단답,
915,아니 ,/openWindow/no,99,부정 단답 no 처리,
916,싫어 ,/openWindow/no,99,부정 단답,
917,no ,/openWindow/no,99,영어 부정 no 처리,
918,아니요 ,/openWindow/no,99,부정 단답,
919,세팅 모드로 바꿔,/mode/set?mode=SETUP,9,,
920,환경 설정 모드,/mode/set?mode=SETUP,9,,
921,설정 모드로 변경 ,/mode/set?mode=SETUP,9,Setup 모드 전환,
922,세팅 모드 진입 ,/mode/set?mode=SETUP,9,Setup 모드 진입,
923,세팅 시작 ,/mode/set?mode=SETUP,9,세팅 모드 시작,
924,장비 설정 모드로 변경 ,/mode/set?mode=SETUP,9,장비 설정 모드 변경,
925,Setup 모드 해줘. ,/mode/set?mode=SETUP,9,,
926,설정모드로 전환해. ,/mode/set?mode=SETUP,9,,
927,세팅 모드 진입,/mode/set?mode=SETUP,9,,
928,setup 시작,/mode/set?mode=SETUP,9,,
929,모드 전환 버튼 setup으로,/mode/set?mode=SETUP,9,,
930,모드 전환 버튼 셋업으로,/mode/set?mode=SETUP,9,,
931,setup으로 변경,/mode/set?mode=SETUP,9,,
932,런 모드 실행,/mode/set?mode=RUN,9,,
933,운전 모드 전환,/mode/set?mode=RUN,9,,
934,검사 시작 모드,/mode/set?mode=RUN,9,,
935,RUN 모드 켜,/mode/set?mode=RUN,9,,
936,검사 모드로 변경,/mode/set?mode=RUN,9,,
937,실행모드로,/mode/set?mode=RUN,9,,
938,런 모드 실행 ,/mode/set?mode=RUN,9,Run 모드 전환,
939,운전 모드로 바꿔 ,/mode/set?mode=RUN,9,Run 모드 전환,
940,검사 시작 모드 켜줘 ,/mode/set?mode=RUN,9,검사 모드 켜기,
941,검사 모드로 변경 ,/mode/set?mode=RUN,9,검사 모드 전환,
942,장비 운전 모드 시작 ,/mode/set?mode=RUN,9,장비 운전 모드 실행,
943,시스템 런 모드 변환 ,/mode/set?mode=RUN,9,시스템 런 모드 변환,
944,운전모드 시작해. ,/mode/set?mode=RUN,9,,
945,운전 모드 바꿔줘. ,/mode/set?mode=RUN,9,,
946,장비 운전모드. ,/mode/set?mode=RUN,9,,
947,run 시작,/mode/set?mode=RUN,9,,
948,모드 전환 버튼 run으로,/mode/set?mode=RUN,9,,
949,모드 전환 버튼 런으로,/mode/set?mode=RUN,9,,
950,run으로 변경,/mode/set?mode=RUN,9,,
951,RU1 모드 켜,/mode/set?mode=RUN,9,,
952,카메라 6 on,/live/toggle?switch=ON&no=6,2,6번 카메라 라이브 켜기,
953,5번 카메라 라이브 켜,/live/toggle?switch=ON&no=5,2,,
954,카메라 5 켜 ,/live/toggle?switch=ON&no=5,2,5번 카메라 켜기,
955,5번 카메라 라이브 ,/live/toggle?switch=ON&no=5,2,5번 카메라 라이브,
956,카메라 5 on,/live/toggle?switch=ON&no=5,2,5번 카메라 라이브 켜기,
957,카메라 4번 라이브 켜,/live/toggle?switch=ON&no=4,2,,
958,4번 카메라 켜,/live/toggle?switch=ON&no=4,2,,
959,카메라 4 켜줘 ,/live/toggle?switch=ON&no=4,2,4번 카메라 켜기,
960,카메라 4 on,/live/toggle?switch=ON&no=4,2,4번 카메라 라이브 켜기,
961,3번 카메라 켜 줘,/live/toggle?switch=ON&no=3,2,,
962,3번 카메라 켜,/live/toggle?switch=ON&no=3,2,,
963,3번 카메라 라이브 켜,/live/toggle?switch=ON&no=3,2,,
964,카메라 3번 라이브 켜,/live/toggle?switch=ON&no=3,2,,
965,카메라 3 보여줘,/live/toggle?switch=ON&no=3,2,,
966,삼번 카메라 볼래,/live/toggle?switch=ON&no=3,2,,
967,카메라 3 켜 ,/live/toggle?switch=ON&no=3,2,3번 카메라 켜기,
968,삼번 카메라 on 시켜줘 ,/live/toggle?switch=ON&no=3,2,3번 카메라 켜기,
969,카메라 3 on,/live/toggle?switch=ON&no=3,2,3번 카메라 라이브 켜기,
970,카메라 2번 켜,/live/toggle?switch=ON&no=2,2,,
971,카메라 2 볼래,/live/toggle?switch=ON&no=2,2,,
972,2번 카메라 켜 줘,/live/toggle?switch=ON&no=2,2,,
973,2번 카메라 라이브 켜,/live/toggle?switch=ON&no=2,2,,
974,카메라 2번 라이브 켜,/live/toggle?switch=ON&no=2,2,,
975,2번 카메라 켜 줘 ,/live/toggle?switch=ON&no=2,2,2번 카메라 켜기,
976,카메라 2 on,/live/toggle?switch=ON&no=2,2,2번 카메라 라이브 켜기,
977,카메라 1 온,/live/toggle?switch=ON&no=1,2,,
978,1번 카메라 켜 줘,/live/toggle?switch=ON&no=1,2,,
979,카메라 1번 켜,/live/toggle?switch=ON&no=1,2,,
980,카메라 1 켜 ,/live/toggle?switch=ON&no=1,2,1번 카메라 켜기,
981,1번 카메라 On ,/live/toggle?switch=ON&no=1,2,1번 카메라 켜기,
982,카메라 one 라이브 켜줘 ,/live/toggle?switch=ON&no=1,2,1번 카메라 켜기,
983,1 카메라 라이브 ,/live/toggle?switch=ON&no=1,2,1번 카메라 라이브 켜기,
984,카메라 1 on,/live/toggle?switch=ON&no=1,2,1번 카메라 라이브 켜기,
985,0번 카메라 켜,/live/toggle?switch=ON&no=0,2,,
986,카메라 0번 켜,/live/toggle?switch=ON&no=0,2,,
987,카메라 0번 켜 ,/live/toggle?switch=ON&no=0,2,0번 카메라 켜기,
988,카메라 Zero ON ,/live/toggle?switch=ON&no=0,2,0번 켜기(자연어/영문변형),
989,카메라 6 off,/live/toggle?switch=OFF&no=6,2,6번 카메라 끄기,
990,5번 카메라 꺼,/live/toggle?switch=OFF&no=5,2,,
991,5번 카메라 꺼줘,/live/toggle?switch=OFF&no=5,2,,
992,카메라 5 끄기,/live/toggle?switch=OFF&no=5,2,,
993,5번 카메라 끄기 ,/live/toggle?switch=OFF&no=5,2,5번 카메라 끄기,
994,카메라 5 off,/live/toggle?switch=OFF&no=5,2,5번 카메라 끄기,
995,카메라 4 OFF,/live/toggle?switch=OFF&no=4,2,,
996,4번 카메라 꺼,/live/toggle?switch=OFF&no=4,2,,
997,4번 카메라 꺼줘,/live/toggle?switch=OFF&no=4,2,,
998,4번 카메라 끄기 ,/live/toggle?switch=OFF&no=4,2,4번 카메라 끄기,
999,카메라 3 끄기,/live/toggle?switch=OFF&no=3,2,,
1000,카메라 3 OFF,/live/toggle?switch=OFF&no=3,2,,
1001,카메라 3꺼 줘 ,/live/toggle?switch=OFF&no=3,2,3번 카메라 끄기,
1002,삼번 카메라 꺼 ,/live/toggle?switch=OFF&no=3,2,3번 카메라 꺼기,
1003,2번 카메라 꺼,/live/toggle?switch=OFF&no=2,2,,
1004,카메라 2 꺼 ,/live/toggle?switch=OFF&no=2,2,2번 카메라 끄기,
1005,이번 카메라 꺼 ,/live/toggle?switch=OFF&no=2,2,2번 카메라 끄기,
1006,카메라 2 off,/live/toggle?switch=OFF&no=2,2,2번 카메라 끄기,
1007,1번 카메라 꺼,/live/toggle?switch=OFF&no=1,2,,
1008,카메라 1 OFF,/live/toggle?switch=OFF&no=1,2,,
1009,1번 카메라 꺼줘,/live/toggle?switch=OFF&no=1,2,,
1010,카메라 1 OFF ,/live/toggle?switch=OFF&no=1,2,1번 카메라 끄기,
1011,1번 카메라 꺼 ,/live/toggle?switch=OFF&no=1,2,1번 카메라 끄기,
1012,1번 카메라 꺼 줘 ,/live/toggle?switch=OFF&no=1,2,1번 카메라 끄기,
1013,2025년 10월 전체 기록 보여줘 ,/history/update?propertyName=date&value=2025-10-01_2025-10-31,4,10월 한 달 전체 검사 뷰,
1014,최근 한 달 검사 기록 보여줘,/history/update?propertyName=date&value=2025-10-01_2025-10-31,4,최근 한 달 기간 검사 기록 조회,
1015,2025년 9월 검사기록 요청 ,/history/update?propertyName=date&value=2025-09-01_2025-09-30,4,2025년 9월 전체 이력,
1016,채팅 창 닫아,/closeWindows,99,,
1017,열린 창 끄기,/closeWindows,99,,
1018,윈도우 닫기,/closeWindows,99,,
1019,창 닫아,/closeWindows,99,,
1020,윈도우 창 꺼줘 ,/closeWindows,99,열린 창 모두 닫기,
1021,창 다 꺼 ,/closeWindows,99,전체 창 종료,
1022,창 닫아 ,/closeWindows,99,열린 창 모두 닫기,
1023,윈도우 모두 닫아 ,/closeWindows,99,모든 창 닫기,
1024,대화창 종료 ,/closeWindows,99,창 닫기,
1025,모든 창 끄기 ,/closeWindows,99,열린 창 모두 종료,
1026,히스토리 기록 창 닫기,/closeWindows,99,검사 기록 창 종료 명령,
1027,프로그램 기록창 닫아줘,/closeWindows,99,프로그램 기록 창 종료,
1028,채팅 초기화 해 ,/chat/clear,10,채팅/대화 초기화,
1029,대화 새로 시작 ,/chat/clear,10,채팅 새로 고침,
1030,calibration 임계값 100-200 설정해 ,/calibration/update?propertyName=threshold&value=100-200,6,임계값 설정,
1031,캘리창 threshold 100-200 설정해 ,/calibration/update?propertyName=threshold&value=100-200,6,임계값 설정,
1032,캘리브레이션 threshold 100-200 설정해 ,/calibration/update?propertyName=threshold&value=100-200,6,임계값 설정,
1033,캘리브레이션 임계값 100-200 설정해 ,/calibration/update?propertyName=threshold&value=100-200,6,임계값 설정,
1034,임계값 100-200 설정해 ,/calibration/update?propertyName=threshold&value=100-200,6,임계값 설정,
1035,보정 탭 비젼으로 바꿔줘,/calibration/update?propertyName=tab&value=vision,6,보정 탭 변경,
1036,캘리 창 탭 비젼으로 바꿔줘 ,/calibration/update?propertyName=tab&value=vision,6,보정 탭 변경,
1037,캘리브레이션 탭 vision,/calibration/update?propertyName=tab&value=vision,6,보정 탭 변경,
1038,calibration vision,/calibration/update?propertyName=tab&value=vision,6,보정 탭 변경,
1039,보정 탭 트레이로 바꿔줘,/calibration/update?propertyName=tab&value=tray,6,보정 탭 변경,
1040,캘리 창 탭 트레이로 바꿔줘 ,/calibration/update?propertyName=tab&value=tray,6,보정 탭 변경,
1041,캘리브레이션 탭 tray,/calibration/update?propertyName=tab&value=tray,6,보정 탭 변경,
1042,calibration tray,/calibration/update?propertyName=tab&value=tray,6,보정 탭 변경,
1043,보정 탭 바꿔줘 ,/calibration/update?propertyName=tab&value=setting,6,보정 탭 변경,
1044,보정 탭 세팅으로 바꿔줘,/calibration/update?propertyName=tab&value=setting,6,보정 탭 변경,
1045,캘리 창 탭 세팅으로 바꿔줘 ,/calibration/update?propertyName=tab&value=setting,6,보정 탭 변경,
1046,캘리브레이션 탭 setting,/calibration/update?propertyName=tab&value=setting,6,보정 탭 변경,
1047,calibration setting,/calibration/update?propertyName=tab&value=setting,6,보정 탭 변경,
1048,보정 탭 패드로 바꿔줘,/calibration/update?propertyName=tab&value=pad,6,보정 탭 변경,
1049,캘리 창 탭 패드로 바꿔줘 ,/calibration/update?propertyName=tab&value=pad,6,보정 탭 변경,
1050,캘리브레이션 탭 pad,/calibration/update?propertyName=tab&value=pad,6,보정 탭 변경,
1051,calibration pad,/calibration/update?propertyName=tab&value=pad,6,보정 탭 변경,
1052,보정 탭 바텀으로 바꿔줘,/calibration/update?propertyName=tab&value=bottom,6,보정 탭 변경,
1053,캘리 창 탭 바텀으로 바꿔줘,/calibration/update?propertyName=tab&value=bottom,6,보정 탭 변경,
1054,캘리브레이션 탭 bottom,/calibration/update?propertyName=tab&value=bottom,6,보정 탭 변경,
1055,calibration bottom,/calibration/update?propertyName=tab&value=bottom,6,보정 탭 변경,
1056,보정 창 MULTIOBJECT 기준 설정,/calibration/update?propertyName=select&value=MULTIOBJECT,6,,
1057,보정 창 물체 기준을 Multi-Object로,/calibration/update?propertyName=select&value=MULTIOBJECT,6,,
1058,캡처할 물체의 기준을 여러 개체를 기준으로 사용,/calibration/update?propertyName=select&value=MULTIOBJECT,6,,
1059,보정 창 여러 개체를 기준으로,/calibration/update?propertyName=select&value=MULTIOBJECT,6,,
1060,보정 창 CENTER 기준 설정,/calibration/update?propertyName=select&value=CENTER,6,,
1061,캡처할 물체의 기준을 여러 개체의 중심에 있는 개체를 기준으로 사용해,/calibration/update?propertyName=select&value=CENTER,6,,
1062,보정 창 여러 개체의 중심에 있는 개체를 기준으로,/calibration/update?propertyName=select&value=CENTER,6,,
1063,보정 창 BIGGEST 기준 설정,/calibration/update?propertyName=select&value=BIGGEST,6,,
1064,캡처할 물체의 기준을 여러 개체 중 가장 큰 개체를 기준으로 사용,/calibration/update?propertyName=select&value=BIGGEST,6,,
1065,보정 창 여러 개체 중 가장 큰 개체를 기준으로 사용,/calibration/update?propertyName=select&value=BIGGEST,6,,
1066,로이 초기화,/calibration/update?propertyName=roi&value=recreate,6,ROI 생성,
1067,로이 재생성,/calibration/update?propertyName=roi&value=recreate,6,ROI 생성,
1068,로이 초기화 해,/calibration/update?propertyName=roi&value=recreate,6,ROI 생성,
1069,로이 초기화 시켜줘,/calibration/update?propertyName=roi&value=recreate,6,ROI 생성,
1070,로이 다시 생성,/calibration/update?propertyName=roi&value=recreate,6,ROI 생성,
1071,로이 생성해 ,/calibration/update?propertyName=roi&value=create,6,ROI 생성,
1072,로이 생성,/calibration/update?propertyName=roi&value=create,6,ROI 생성,
1073,로이 만들어줘,/calibration/update?propertyName=roi&value=create,6,ROI 생성,
1074,십자선 타입 none 설정,/calibration/update?propertyName=recticletype&value=NONE,6,십자선 타입 변경,
1075,십자선 타입 fullsize,/calibration/update?propertyName=recticletype&value=FULLSIZE,6,십자선 타입 변경,
1076,보정창 십자선 타입 fullsize,/calibration/update?propertyName=recticletype&value=FULLSIZE,6,십자선 타입 변경,
1077,보정창 십자선 풀사이즈로 바꿔줘,/calibration/update?propertyName=recticletype&value=FULLSIZE,6,십자선 타입 변경,
1078,십자선 타입 기본으로 바꿔 ,/calibration/update?propertyName=recticletype&value=DEFAULT,6,십자선 타입 변경,
1079,십자선 타입 default,/calibration/update?propertyName=recticletype&value=DEFAULT,6,십자선 타입 변경,
1080,십자선 타입을 디폴트 설정,/calibration/update?propertyName=recticletype&value=DEFAULT,6,십자선 타입 변경,
1081,캘리 카메라 변경해 ,/calibration/update?propertyName=camera&value=SettingX1,6,보정 카메라 변경,
1082,calibration 카메라 변경해 ,/calibration/update?propertyName=camera&value=SettingX1,6,보정 카메라 변경,
1083,카메라 변경해 ,/calibration/update?propertyName=camera&value=SettingX1,6,보정 카메라 변경,
1084,보정 버튼 눌러줘 ,/calibration/update?propertyName=button&value=Test,6,보정 테스트 버튼 클릭,
1085,보정 test,/calibration/update?propertyName=button&value=Test,6,보정 테스트 버튼 클릭,
1086,보정 test 시작,/calibration/update?propertyName=button&value=Test,6,보정 테스트 버튼 클릭,
1087,calibration test,/calibration/update?propertyName=button&value=Test,6,보정 테스트 버튼 클릭,
1088,calibration lightsave,/calibration/update?propertyName=button&value=lightsave,6,보정 lightsave 버튼 클릭,
1089,LightSave,/calibration/update?propertyName=button&value=lightsave,6,보정 lightsave 버튼 클릭,
1090,캘리 라이트세이브,/calibration/update?propertyName=button&value=lightsave,6,보정 lightsave 버튼 클릭,
1091,캘리브레이션 라이트세이브,/calibration/update?propertyName=button&value=lightsave,6,보정 lightsave 버튼 클릭,
1092,캘리브레이션 임계값 초기화,/calibration/parameter?threshold=0-255,6,임계값 설정,
1093,캘리 임계값 초기화,/calibration/parameter?threshold=0-255,6,임계값 설정,
1094,calibration threshold 초기화,/calibration/parameter?threshold=0-255,6,임계값 설정,
1095,보정 창 threshold 초기화,/calibration/parameter?threshold=0-255,6,임계값 설정,
1096,캘리브레이션 사이즈 초기화,/calibration/parameter?size=1-999999,6,사이즈 설정,
1097,캘리 사이즈 초기화,/calibration/parameter?size=1-999999,6,사이즈 설정,
1098,calibration size 초기화,/calibration/parameter?size=1-999999,6,사이즈 설정,
1099,보정 창 사이즈 초기화,/calibration/parameter?size=1-999999,6,임계값 설정,
1100,시스템 체크,/api/status,99,,
1101,상태창 보여,/api/status,99,,
1102,상태 표시 보여줘 ,/api/status,99,시스템 상태 표시,
1103,시스템 점검 ,/api/status,99,시스템 상태 점검,
